AÑO;MES;CONGLOME;VIVIENDA;HOGAR;UBIGEO;DOMINIO;ESTRATO;PERIODO;TIPENC;FECENT;RESULT;PANEL;P22;P23;P24A;P24B;P25$1;P25$2;P25$3;P25$4;P25$5;P101;P102;P103;P103A;P104;P104A;P104B1;P104B2;P105A;P105B;P106;P106A;P106B;P107B1
2023;7;5231;55;11;21804;5;7;5;3;20230729;1;1;2;     .;1;1;0;1;0;1;0;1;3;5;4;4;3;2;2;2; ;150;2; ;2
2023;7;5231;56;11;21804;5;7;5;3;20230727;7; ; ;     .; ; ; ; ; ; ; ; ; ; ; ; ; ; ; ; ; ; ; ; ; 
2023;7;5231;130;11;21804;5;7;5;3;20230726;7; ; ;     .; ; ; ; ; ; ; ; ; ; ; ; ; ; ; ; ; ; ; ; ; 
2023;7;5231;141;11;21804;5;7;5;3;20230727;1;1;2;     .;1;1;0;1;0;1;0;1;3;6;4;3;1;2;2;2; ;50;2; ;2
2023;7;5231;144;11;21804;5;7;5;3;20230726;7; ; ;     .; ; ; ; ; ; ; ; ; ; ; ; ; ; ; ; ; ; ; ; ; 
2023;7;5231;145;11;21804;5;7;5;3;20230728;1;1;2;     .;3;3;0;1;0;1;0;1;3;6;4;3;2;2;2;6; ;100; ; ;2
2023;7;5231;150;11;21804;5;7;5;3;20230728;4; ; ;     .; ; ; ; ; ; ; ; ; ; ; ; ; ; ; ; ; ; ; ; ; 
2023;7;5231;155;11;21804;5;7;5;3;20230726;1;1;2;     .;3;3;0;0;0;1;0;1;3;6;4;8;2;2;2;2; ;150;2; ;2
2023;7;5263;10;11;20101;5;3;2;3;20230712;1;1;2;     .;1;2;1;0;1;1;0;1;1;2;1;3;2;1;1;2; ;500;1;1;2
2023;7;5263;26;11;20101;5;3;2;3;20230713;7; ; ;     .; ; ; ; ; ; ; ; ; ; ; ; ; ; ; ; ; ; ; ; ; 
2023;7;5263;42;11;20101;5;3;2;3;20230712;7; ; ;     .; ; ; ; ; ; ; ; ; ; ; ; ; ; ; ; ; ; ; ; ; 
2023;7;5263;59;11;20101;5;3;2;3;20230716;1;1;2;     .;2;3;1;0;1;1;0;1;1;3;1;5;3;1;1;2; ;1000;1;1;2
2023;7;5263;77;11;20101;5;3;2;3;20230717;1;2;2;     .;1;1;1;0;1;1;0;1;1;5;4;13;9;1;1;2; ;650;1;1;2
2023;7;5263;108;11;20101;5;3;2;3;20230716;2;1;1;20601;1;3;1;0;1;1;0;1;1;5;1;4;2;1;1;6; ;1500; ; ;2
2023;7;5263;121;11;20101;5;3;2;3;20230718;1;1;2;     .;1;3;1;0;1;1;0;1;3;3;4;5;3;3;3;2; ;500;1;1;2
2023;7;5263;168;11;20101;5;3;2;3;20230712;7; ; ;     .; ; ; ; ; ; ; ; ; ; ; ; ; ; ; ; ; ; ; ; ; 
2023;7;5657;129;11;40409;6;7;5;3;20230725;5; ; ;     .; ; ; ; ; ; ; ; ; ; ; ; ; ; ; ; ; ; ; ; ; 
2023;7;5657;131;11;40409;6;7;5;3;20230729;2;1;2;     .;3;3;1;0;1;1;0;1;3;5;4;3;2;2;2;2; ;50;1;1;2
2023;7;5657;329;11;40409;6;7;5;3;20230727;5; ; ;     .; ; ; ; ; ; ; ; ; ; ; ; ; ; ; ; ; ; ; ; ; 
2023;7;5657;343;11;40409;6;7;5;3;20230727;1;1;1;40409;3;3;0;0;0;1;0;1;3;6;4;1;1;2;2;2; ;50;2; ;2
2023;7;5657;345;11;40409;6;7;5;3;20230727;1;1;2;     .;3;3;0;0;0;0;1;1;3;6;4;3;2;2;2;2; ;50;1;1;2
2023;7;5657;346;11;40409;6;7;5;3;20230727;5; ; ;     .; ; ; ; ; ; ; ; ; ; ; ; ; ; ; ; ; ; ; ; ; 
2023;7;5657;347;11;40409;6;7;5;3;20230726;5; ; ;     .; ; ; ; ; ; ; ; ; ; ; ; ; ; ; ; ; ; ; ; ; 
2023;7;5657;348;11;40409;6;7;5;3;20230726;1;1;2;     .;3;3;0;0;0;0;1;5;6;6;7;1;1; ; ;2; ;40;2; ;2
2023;7;5691;8;11;50101;5;2;1;3;20230719;1;1;1;70104;1;1;1;0;1;1;0;1;1;3;1;4;3;1;1;2; ;500;1;1;2
2023;7;5691;22;11;50101;5;2;1;3;20230725;2;1;2;     .;1;1;1;1;0;1;0;1;1;1;1;5;3;1;1;2; ;1500;1;1;2
2023;7;5691;35;11;50101;5;2;1;3;20230707;1;1;2;     .;3;3;1;0;1;1;0;1;1;3;1;11;10;1;1;2; ;99999;2; ;2
2023;7;5691;48;11;50101;5;2;1;3;20230726;1;1;2;     .;1;2;1;0;1;1;0;1;1;5;1;2;1;3;3;1;500; ; ; ;2
2023;7;5691;102;11;50101;5;2;1;3;20230705;1;2;2;     .;3;3;1;0;1;1;0;4;1;3;1;1;0;3;3;1;230; ; ; ;2
2023;7;5691;115;11;50101;5;2;1;3;20230707;1;1;2;     .;1;3;1;0;1;1;0;1;1;5;1;4;1;1;1;2; ;800;1;1;2
2023;7;5691;128;11;50101;5;2;1;3;20230712;1;1;2;     .;1;1;1;0;1;1;0;3;1;5;4;2;1;2;2;6; ;200; ; ;2
2023;7;5691;141;11;50101;5;2;1;3;20230725;3; ; ;     .; ; ; ; ; ; ; ; ; ; ; ; ; ; ; ; ; ; ; ; ; 
2023;7;5863;6;11;60101;4;2;2;3;20230712;1;2;2;     .;2;2;1;0;1;1;0;4;1;3;5;2;1;1;1;2; ;100;1;1;2
2023;7;5863;17;11;60101;4;2;2;3;20230714;1;1;2;     .;3;1;1;0;1;1;0;1;3;5;3;3;2;2;2;6; ;300; ; ;2
2023;7;5863;40;11;60101;4;2;2;3;20230715;4; ; ;     .; ; ; ; ; ; ; ; ; ; ; ; ; ; ; ; ; ; ; ; ; 
2023;7;5863;51;11;60101;4;2;2;3;20230713;2;1;2;     .;3;3;1;0;1;1;0;1;3;3;4;4;3;2;2;2; ;800;2; ;2
2023;7;5863;61;11;60101;4;2;2;3;20230715;3; ; ;     .; ; ; ; ; ; ; ; ; ; ; ; ; ; ; ; ; ; ; ; ; 
2023;7;5863;73;11;60101;4;2;2;3;20230715;1;1;2;     .;2;1;1;0;1;1;0;1;3;5;3;3;2;1;2;2; ;800;2; ;2
2023;7;5892;27;11;60601;4;5;1;3;20230706;7; ; ;     .; ; ; ; ; ; ; ; ; ; ; ; ; ; ; ; ; ; ; ; ; 
2023;7;5892;78;11;60601;4;5;1;3;20230707;1;1;2;     .;3;3;0;1;0;1;0;1;1;5;1;4;2;2;2;2; ;100;1;1;2
2023;7;5892;104;11;60601;4;5;1;3;20230710;1;1;1;140112;3;1;1;1;0;1;0;1;3;5;4;3;2;2;2;2; ;200;1;2;2
2023;7;5892;151;11;60601;4;5;1;3;20230706;1;1;1;60614;3;1;0;1;0;1;0;1;3;5;4;2;1;1;2;2; ;100;2; ;2
2023;7;5892;177;11;60601;4;5;1;3;20230705;1;1;2;     .;3;1;0;1;0;1;0;1;3;6;4;4;3;2;2;2; ;70;1;1;2
2023;7;5892;198;11;60601;4;5;1;3;20230710;1;2;2;     .;1;3;0;1;0;1;0;2;1;5;1;1;1;2;2;6; ;100; ; ;2
2023;7;5924;1;11;60801;7;7;3;3;20230721;1;1;2;     .;4;3;0;1;0;1;0;1;3;6;4;2;1;2;2;2; ;50;2; ;2
2023;7;5924;74;11;60801;7;7;3;3;20230720;1;1;2;     .;1;1;1;0;0;1;0;1;1;5;4;5;2;2;2;2; ;80;2; ;2
2023;7;5924;101;11;60801;7;7;3;3;20230720;5; ; ;     .; ; ; ; ; ; ; ; ; ; ; ; ; ; ; ; ; ; ; ; ; 
2023;7;5924;102;11;60801;7;7;3;3;20230720;7; ; ;     .; ; ; ; ; ; ; ; ; ; ; ; ; ; ; ; ; ; ; ; ; 
2023;7;5924;103;11;60801;7;7;3;3;20230720;1;1;2;     .;3;3;1;0;0;1;0;1;3;5;4;1;0;2;2;6; ;40; ; ;2
2023;7;5924;120;11;60801;7;7;3;3;20230723;1;1;2;     .;3;2;1;0;0;1;0;1;3;5;4;4;3;2;2;2; ;150;2; ;2
2023;7;5924;130;11;60801;7;7;3;3;20230720;1;2;2;     .;3;1;1;0;0;1;0;1;3;4;4;2;1;2;2;1;100; ; ; ;2
2023;7;5924;131;11;60801;7;7;3;3;20230720;5; ; ;     .; ; ; ; ; ; ; ; ; ; ; ; ; ; ; ; ; ; ; ; ; 
2023;7;6079;18;11;70106;8;1;3;3;20230730;2;1;2;     .;4;2;0;1;0;1;0;1;7;5;4;4;3;2;2;1;200; ; ; ;2
2023;7;6079;40;11;70106;8;1;3;3;20230716;1;1;2;     .;4;1;0;1;0;1;0;1;3;5;4;4;2;2;2;2; ;200;2; ;2
2023;7;6079;105;11;70106;8;1;3;3;20230715;1;1;2;     .;1;3;0;1;0;1;0;1;7;5;4;3;2;1;2;2; ;300;2; ;2
2023;7;6079;128;11;70106;8;1;3;3;20230716;2;1;2;     .;4;1;0;1;0;1;0;1;7;5;4;3;2;2;2;2; ;150;2; ;2
2023;7;6079;150;11;70106;8;1;3;3;20230730;3;1; ;     .; ; ; ; ; ; ; ; ; ; ; ; ; ; ; ; ; ; ; ; ; 
2023;7;6079;192;11;70106;8;1;3;3;20230715;2;1;2;     .;1;3;0;1;0;1;0;1;7;5;4;1;0;2;2;6; ;200; ; ;2
2023;7;6186;9;11;80104;6;2;3;3;20230713;3; ; ;     .; ; ; ; ; ; ; ; ; ; ; ; ; ; ; ; ; ; ; ; ; 
2023;7;6186;33;11;80104;6;2;3;3;20230712;7; ; ;     .; ; ; ; ; ; ; ; ; ; ; ; ; ; ; ; ; ; ; ; ; 
2023;7;6186;45;11;80104;6;2;3;3;20230713;5; ; ;     .; ; ; ; ; ; ; ; ; ; ; ; ; ; ; ; ; ; ; ; ; 
2023;7;6186;70;11;80104;6;2;3;3;20230714;2;1;2;     .;1;1;0;1;0;1;0;2;1;4;3;4;3;1;1;6; ;1000; ; ;2
2023;7;6186;80;11;80104;6;2;3;3;20230715;3; ; ;     .; ; ; ; ; ; ; ; ; ; ; ; ; ; ; ; ; ; ; ; ; 
2023;7;6186;95;11;80104;6;2;3;3;20230715;4; ; ;     .; ; ; ; ; ; ; ; ; ; ; ; ; ; ; ; ; ; ; ; ; 
2023;7;6186;104;11;80104;6;2;3;3;20230715;3; ; ;     .; ; ; ; ; ; ; ; ; ; ; ; ; ; ; ; ; ; ; ; ; 
2023;7;6186;127;11;80104;6;2;3;3;20230713;7; ; ;     .; ; ; ; ; ; ; ; ; ; ; ; ; ; ; ; ; ; ; ; ; 
2023;7;6289;59;11;80407;6;7;5;3;20230726;1;1;2;     .;3;3;0;1;0;0;0;1;3;6;3;3;1;2;2;2; ;50;2; ;2
2023;7;6289;63;11;80407;6;7;5;3;20230730;2;1;2;     .;3;3;0;1;0;1;0;1;3;4;3;6;2;2;2;2; ;500;2; ;2
2023;7;6289;163;11;80407;6;7;5;3;20230728;1;1;2;     .;3;2;0;1;0;0;0;1;3;4;3;4;2;2;2;2; ;150;2; ;2
2023;7;6289;164;11;80407;6;7;5;3;20230727;5; ; ;     .; ; ; ; ; ; ; ; ; ; ; ; ; ; ; ; ; ; ; ; ; 
2023;7;6289;165;11;80407;6;7;5;3;20230802;1;1;1;80407;3;3;0;1;0;1;0;1;3;6;3;4;4;2;2;2; ;100;2; ;2
2023;7;6289;167;11;80407;6;7;5;3;20230727;1;1;2;     .;3;3;0;1;0;1;0;1;3;4;3;2;2;2;2;2; ;80;2; ;2
2023;7;6289;169;11;80407;6;7;5;3;20230802;1;1;1;80407;3;3;0;1;0;0;0;1;3;4;3;4;2;2;2;2; ;80;2; ;2
2023;7;6289;173;11;80407;6;7;5;3;20230727;1;1;2;     .;3;3;0;0;0;0;1;1;3;6;3;1;1;2;2;2; ;50;2; ;2
2023;7;6362;16;11;90101;5;4;1;3;20230708;7; ; ;     .; ; ; ; ; ; ; ; ; ; ; ; ; ; ; ; ; ; ; ; ; 
2023;7;6362;93;11;90101;5;4;1;3;20230707;1;1;2;     .;3;3;1;0;1;1;0;1;3;6;3;3;2;2;2;2; ;50;2; ;2
2023;7;6362;111;11;90101;5;4;1;3;20230708;7; ; ;     .; ; ; ; ; ; ; ; ; ; ; ; ; ; ; ; ; ; ; ; ; 
2023;7;6362;132;11;90101;5;4;1;3;20230731;2;1;2;     .;3;3;1;0;1;1;0;1;1;5;1;2;2;2;2;6; ;150; ; ;2
2023;7;6362;145;11;90101;5;4;1;3;20230801;1;1;1;120134;1;1;1;0;1;1;0;1;1;5;1;4;2;2;2;2; ;500;2; ;2
2023;7;6362;166;11;90101;5;4;1;3;20230711;2;1;2;     .;3;3;1;0;1;1;0;1;1;5;1;5;2;2;2;2; ;700;2; ;2
2023;7;6618;59;11;100103;5;7;5;3;20230725;7; ; ;     .; ; ; ; ; ; ; ; ; ; ; ; ; ; ; ; ; ; ; ; ; 
2023;7;6618;60;11;100103;5;7;5;3;20230726;1;1;2;     .;4;3;0;1;0;0;0;1;7;6;4;2;1;2;2;2; ;40;2; ;2
2023;7;6618;62;11;100103;5;7;5;3;20230725;1;1;2;     .;3;2;0;1;0;1;0;1;4;6;4;5;1;2;2;2; ;150;2; ;2
2023;7;6618;68;11;100103;5;7;5;3;20230731;1;1;1;100601;3;3;0;1;0;0;0;1;4;6;4;5;2;2;2;2; ;100;2; ;2
2023;7;6618;132;11;100103;5;7;5;3;20230726;1;1;1;100103;3;3;0;0;0;0;1;1;1;5;4;4;2;2;1;2; ;50;2; ;2
2023;7;6618;142;11;100103;5;7;5;3;20230725;1;1;1;100103;3;3;0;0;0;0;1;1;1;5;4;3;1;2;1;2; ;30;2; ;2
2023;7;6618;144;11;100103;5;7;5;3;20230725;1;1;2;     .;3;3;0;0;0;0;1;1;4;6;4;1;0;2;2;2; ;30;2; ;2
2023;7;6618;157;11;100103;5;7;5;3;20230726;7; ; ;     .; ; ; ; ; ; ; ; ; ; ; ; ; ; ; ; ; ; ; ; ; 
2023;7;6673;10;11;110102;2;2;3;3;20230801;3; ; ;     .; ; ; ; ; ; ; ; ; ; ; ; ; ; ; ; ; ; ; ; ; 
2023;7;6673;31;11;110102;2;2;3;3;20230802;1;1;2;     .;1;1;1;0;1;1;0;1;1;3;1;3;2;2;2;2; ;400;1;1;2
2023;7;6673;72;11;110102;2;2;3;3;20230724;2;1;2;     .;3;3;1;0;1;1;0;1;7;5;4;3;2;2;2;3; ;300;1;1;2
2023;7;6673;92;11;110102;2;2;3;3;20230718;1;1;2;     .;1;1;1;0;1;1;0;1;1;3;1;3;2;1;1;2; ;350;1;1;2
2023;7;6673;113;11;110102;2;2;3;3;20230724;1;1;2;     .;1;1;1;0;1;1;0;1;1;3;1;6;4;2;2;3; ;350;1;1;2
2023;7;6673;134;11;110102;2;2;3;3;20230801;3; ; ;     .; ; ; ; ; ; ; ; ; ; ; ; ; ; ; ; ; ; ; ; ; 
2023;7;6837;3;11;110305;2;4;4;3;20230723;3; ; ;     .; ; ; ; ; ; ; ; ; ; ; ; ; ; ; ; ; ; ; ; ; 
2023;7;6837;19;11;110305;2;4;4;3;20230723;1;2;2;     .;1;1;1;0;1;1;0;1;1;5;1;4;3;1;1;2; ;600;1;1;2
2023;7;6837;36;11;110305;2;4;4;3;20230723;1;1;2;     .;1;1;1;0;1;1;0;1;1;5;1;3;2;1;1;2; ;300;1;1;2
2023;7;6837;70;11;110305;2;4;4;3;20230723;1;1;2;     .;1;1;1;0;1;1;0;1;1;3;1;4;3;2;2;2; ;300;1;1;2
2023;7;6837;103;11;110305;2;4;4;3;20230722;1;1;2;     .;2;3;1;0;1;1;0;1;3;5;5;3;3;2;2;6; ;500; ; ;2
2023;7;6837;119;11;110305;2;4;4;3;20230723;1;1;2;     .;1;1;1;0;1;1;0;1;1;3;1;2;1;1;1;2; ;400;1;1;2
2023;7;6864;2;11;110107;2;8;2;3;20230709;2;1;2;     .;1;1;1;0;0;1;0;1;1;3;1;5;3;3;3;6; ;99999; ; ;2
2023;7;6864;3;11;110107;2;8;2;3;20230709;1;1;2;     .;1;1;1;0;0;1;0;1;1;3;1;6;4;2;2;6; ;600; ; ;2
2023;7;6864;4;11;110107;2;8;2;3;20230707;1;1;2;     .;1;1;1;0;0;1;0;1;1;3;1;2;1;1;1;2; ;300;1;1;2
2023;7;6864;70;11;110107;2;8;2;3;20230709;1;1;2;     .;1;2;1;0;0;1;0;1;1;5;1;2;1;2;2;2; ;300;2; ;2
2023;7;6864;71;11;110107;2;8;2;3;20230709;1;1;2;     .;1;1;0;1;0;1;0;1;1;2;1;4;3;2;2;2; ;350;2; ;2
2023;7;6864;72;11;110107;2;8;2;3;20230706;1;1;2;     .;4;3;0;1;0;1;0;1;7;5;4;1;0;2;2;6; ;150; ; ;2
2023;7;6864;73;11;110107;2;8;2;3;20230709;1;1;2;     .;1;1;0;1;0;1;0;1;1;2;1;6;4;2;2;2; ;350;1;1;2
2023;7;6864;74;11;110107;2;8;2;3;20230708;1;1;2;     .;3;3;0;1;0;1;0;1;5;5;5;1;0;2;2;6; ;200; ; ;2
2023;7;6899;10;11;120114;5;2;1;3;20230630;3; ; ;     .; ; ; ; ; ; ; ; ; ; ; ; ; ; ; ; ; ; ; ; ; 
2023;7;6899;30;11;120114;5;2;1;3;20230628;7; ; ;     .; ; ; ; ; ; ; ; ; ; ; ; ; ; ; ; ; ; ; ; ; 
2023;7;6899;50;11;120114;5;2;1;3;20230702;1;1;2;     .;1;3;1;0;0;1;0;1;1;5;1;5;3;1;2;2; ;500;2; ;2
2023;7;6899;71;11;120114;5;2;1;3;20230630;3; ; ;     .; ; ; ; ; ; ; ; ; ; ; ; ; ; ; ; ; ; ; ; ; 
2023;7;6899;112;11;120114;5;2;1;3;20230628;5; ; ;     .; ; ; ; ; ; ; ; ; ; ; ; ; ; ; ; ; ; ; ; ; 
2023;7;6899;133;11;120114;5;2;1;3;20230723;1;1;2;     .;3;3;0;1;0;1;0;1;1;3;1;2;2;1;1;2; ;500;1;1;2
2023;7;7024;56;11;120406;5;8;4;3;20230722;1;1;1;120406;3;3;0;1;0;1;0;1;3;5;3;1;1;3;3;6; ;50; ; ;2
2023;7;7024;57;11;120406;5;8;4;3;20230722;1;1;2;     .;1;1;0;1;0;1;0;1;1;5;1;3;2;2;2;2; ;50;1;2;2
2023;7;7024;59;11;120406;5;8;4;3;20230719;1;2;2;     .;1;1;1;0;1;1;0;1;4;4;4;5;4;2;2;6; ;80; ; ;2
2023;7;7024;151;11;120406;5;8;4;3;20230723;1;1;2;     .;4;3;1;0;0;1;0;1;4;4;3;2;2;2;2;2; ;50;1;2;2
2023;7;7024;152;11;120406;5;8;4;3;20230723;1;1;2;     .;1;1;1;0;0;1;0;1;1;5;3;5;3;2;2;2; ;150;1;2;2
2023;7;7024;153;11;120406;5;8;4;3;20230722;1;1;2;     .;2;3;1;0;0;1;0;1;4;5;3;2;1;2;2;2; ;50;1;2;2
2023;7;7024;154;11;120406;5;8;4;3;20230722;1;1;2;     .;1;1;0;1;0;1;0;1;4;5;4;3;1;2;2;2; ;100;1;2;2
2023;7;7024;155;11;120406;5;8;4;3;20230723;1;1;2;     .;1;1;0;1;0;1;0;1;3;5;3;4;3;2;2;2; ;100;1;2;2
2023;7;7102;6;11;130101;1;1;2;3;20230709;3;2; ;     .; ; ; ; ; ; ; ; ; ; ; ; ; ; ; ; ; ; ; ; ; 
2023;7;7102;21;11;130101;1;1;2;3;20230802;1;1;2;     .;1;1;0;1;0;1;0;1;3;5;5;3;2;2;2;6; ;500; ; ;2
2023;7;7102;53;11;130101;1;1;2;3;20230705;7;2; ;     .; ; ; ; ; ; ; ; ; ; ; ; ; ; ; ; ; ; ; ; ; 
2023;7;7102;68;11;130101;1;1;2;3;20230802;2;1;2;     .;2;2;1;0;1;1;0;1;3;5;4;5;4;2;2;2; ;300;1;1;2
2023;7;7102;83;11;130101;1;1;2;3;20230712;2;1;2;     .;4;1;1;0;1;1;0;1;3;5;1;4;3;3;3;2; ;200;1;1;2
2023;7;7102;99;11;130101;1;1;2;3;20230709;3;2; ;     .; ; ; ; ; ; ; ; ; ; ; ; ; ; ; ; ; ; ; ; ; 
2023;7;7185;9;11;130205;1;4;2;3;20230706;5; ; ;     .; ; ; ; ; ; ; ; ; ; ; ; ; ; ; ; ; ; ; ; ; 
2023;7;7185;61;11;130205;1;4;2;3;20230707;1;1;2;     .;2;2;0;1;0;1;0;1;3;6;4;3;2;2;2;6; ;200; ; ;2
2023;7;7185;79;11;130205;1;4;2;3;20230709;3; ; ;     .; ; ; ; ; ; ; ; ; ; ; ; ; ; ; ; ; ; ; ; ; 
2023;7;7185;95;11;130205;1;4;2;3;20230708;1;1;2;     .;1;1;1;0;1;1;0;1;3;5;4;6;3;2;2;2; ;200;1;1;2
2023;7;7185;113;12;130205;1;4;2;3;20230709;1;1;2;     .;1;1;0;1;0;1;0;1;3;5;4;4;3;2;2;2; ;100;2; ;2
2023;7;7185;113;22;130205;1;4;2;3;20230709;1;2;2;     .;1;1;0;1;0;1;0; ; ; ; ; ; ; ; ;2; ;250;1;1;2
2023;7;7185;129;11;130205;1;4;2;3;20230707;2;1;2;     .;1;1;1;0;1;1;0;1;3;6;4;4;2;2;2;2; ;300;1;1;2
2023;7;7600;7;11;150128;8;1;2;3;20230707;1;1;2;     .;1;1;1;0;1;1;0;1;1;1;1;6;4;1;1;2; ;2000;1;1;2
2023;7;7600;25;11;150128;8;1;2;3;20230705;1;1;2;     .;1;1;1;0;1;1;0;3;1;3;2;3;1;1;1;2; ;300;1;1;2
2023;7;7600;42;11;150128;8;1;2;3;20230705;2;1;2;     .;1;1;1;0;1;1;0;3;1;3;1;3;2;1;3;6; ;800; ; ;2
2023;7;7600;76;11;150128;8;1;2;3;20230705;5; ; ;     .; ; ; ; ; ; ; ; ; ; ; ; ; ; ; ; ; ; ; ; ; 
2023;7;7600;94;11;150128;8;1;2;3;20230725;3; ; ;     .; ; ; ; ; ; ; ; ; ; ; ; ; ; ; ; ; ; ; ; ; 
2023;7;7600;128;11;150128;8;1;2;3;20230707;1;1;2;     .;1;1;1;0;1;1;0;1;1;3;1;2;1;1;1;2; ;700;3; ;2
2023;7;7666;35;11;150103;8;1;3;3;20230729;3; ; ;     .; ; ; ; ; ; ; ; ; ; ; ; ; ; ; ; ; ; ; ; ; 
2023;7;7666;51;11;150103;8;1;3;3;20230729;4; ; ;     .; ; ; ; ; ; ; ; ; ; ; ; ; ; ; ; ; ; ; ; ; 
2023;7;7666;69;11;150103;8;1;3;3;20230729;4; ; ;     .; ; ; ; ; ; ; ; ; ; ; ; ; ; ; ; ; ; ; ; ; 
2023;7;7666;87;11;150103;8;1;3;3;20230729;4; ; ;     .; ; ; ; ; ; ; ; ; ; ; ; ; ; ; ; ; ; ; ; ; 
2023;7;7666;105;11;150103;8;1;3;3;20230729;4; ; ;     .; ; ; ; ; ; ; ; ; ; ; ; ; ; ; ; ; ; ; ; ; 
2023;7;7666;124;11;150103;8;1;3;3;20230729;4; ; ;     .; ; ; ; ; ; ; ; ; ; ; ; ; ; ; ; ; ; ; ; ; 
2023;7;7666;141;11;150103;8;1;3;3;20230729;3; ; ;     .; ; ; ; ; ; ; ; ; ; ; ; ; ; ; ; ; ; ; ; ; 
2023;7;7666;159;11;150103;8;1;3;3;20230729;4; ; ;     .; ; ; ; ; ; ; ; ; ; ; ; ; ; ; ; ; ; ; ; ; 
2023;7;7714;2;11;150101;8;1;2;3;20230802;3; ; ;     .; ; ; ; ; ; ; ; ; ; ; ; ; ; ; ; ; ; ; ; ; 
2023;7;7714;18;11;150101;8;1;2;3;20230802;3; ; ;     .; ; ; ; ; ; ; ; ; ; ; ; ; ; ; ; ; ; ; ; ; 
2023;7;7714;52;11;150101;8;1;2;3;20230707;2;1;2;     .;1;1;1;0;1;1;0;3;3;5;5;2;1;2;2;2; ;500;2; ;2
2023;7;7714;84;11;150101;8;1;2;3;20230708;3; ; ;     .; ; ; ; ; ; ; ; ; ; ; ; ; ; ; ; ; ; ; ; ; 
2023;7;7714;101;11;150101;8;1;2;3;20230708;3; ; ;     .; ; ; ; ; ; ; ; ; ; ; ; ; ; ; ; ; ; ; ; ; 
2023;7;7714;131;11;150101;8;1;2;3;20230708;3; ; ;     .; ; ; ; ; ; ; ; ; ; ; ; ; ; ; ; ; ; ; ; ; 
2023;7;7714;147;11;150101;8;1;2;3;20230709;2;1;2;     .;1;1;1;0;1;1;0;1;1;5;4;4;3;2;2;2; ;1800;1;1;2
2023;7;7714;163;11;150101;8;1;2;3;20230709;3; ; ;     .; ; ; ; ; ; ; ; ; ; ; ; ; ; ; ; ; ; ; ; ; 
2023;7;7716;10;11;150101;8;1;3;3;20230715;2;1;2;     .;3;3;1;0;1;1;0;1;1;3;1;4;3;2;2;2; ;800;1;1;2
2023;7;7716;23;11;150101;8;1;3;3;20230725;2;1;2;     .;2;2;1;0;1;1;0;1;1;5;1;5;3;2;2;2; ;400;2; ;2
2023;7;7716;38;11;150101;8;1;3;3;20230730;3;1; ;     .; ; ; ; ; ; ; ; ; ; ; ; ; ; ; ; ; ; ; ; ; 
2023;7;7716;55;11;150101;8;1;3;3;20230730;2;1;2;     .;1;1;1;0;1;1;0;1;1;5;1;5;4;2;2;2; ;1000;2; ;2
2023;7;7716;68;11;150101;8;1;3;3;20230713;7; ; ;     .; ; ; ; ; ; ; ; ; ; ; ; ; ; ; ; ; ; ; ; ; 
2023;7;7716;113;11;150101;8;1;3;3;20230729;2;1;2;     .;1;1;1;0;1;1;0;1;1;2;1;5;4;2;2;2; ;500;2; ;2
2023;7;7989;14;11;150201;2;3;4;3;20230724;1;2;2;     .;1;3;0;1;0;1;0;1;3;5;5;5;4;2;2;2; ;500;3; ;2
2023;7;7989;33;11;150201;2;3;4;3;20230723;2;1;2;     .;2;3;0;1;1;1;0;1;1;3;1;4;3;2;2;2; ;250;1;1;2
2023;7;7989;73;11;150201;2;3;4;3;20230723;1;1;2;     .;1;1;0;1;1;1;0;1;1;3;1;4;1;3;3;2; ;400;1;1;2
2023;7;7989;92;11;150201;2;3;4;3;20230723;1;1;2;     .;2;2;0;1;0;1;0;1;1;3;1;4;3;2;2;6; ;600; ; ;2
2023;7;7989;113;11;150201;2;3;4;3;20230722;1;1;1;220901;1;1;0;1;0;1;0;1;3;5;5;3;2;2;2;6; ;250; ; ;2
2023;7;7989;133;11;150201;2;3;4;3;20230722;2;1;2;     .;3;3;1;0;1;1;0;1;3;6;8;2;2;2;2;2; ;400;1;1;2
2023;7;8042;29;11;150901;5;5;4;3;20230721;1;1;2;     .;3;3;0;1;0;1;0;1;3;6;4;1;1;2;2;1;100; ; ; ;2
2023;7;8042;44;11;150901;5;5;4;3;20230721;1;1;2;     .;4;3;0;1;0;1;0;1;3;5;3;3;2;3;3;1;200; ; ; ;2
2023;7;8042;60;11;150901;5;5;4;3;20230721;1;1;2;     .;1;1;0;1;1;1;0;4;3;4;4;2;2;3;3;1;250; ; ; ;2
2023;7;8042;76;11;150901;5;5;4;3;20230722;1;1;2;     .;4;3;0;1;0;1;0;1;3;6;4;5;3;2;2;1;100; ; ; ;2
2023;7;8042;107;11;150901;5;5;4;3;20230722;2;1;2;     .;4;3;1;0;1;1;0;1;3;4;4;1;1;2;2;2; ;150;1;1;2
2023;7;8042;138;11;150901;5;5;4;3;20230723;4; ; ;     .; ; ; ; ; ; ; ; ; ; ; ; ; ; ; ; ; ; ; ; ; 
2023;7;8130;123;11;150605;2;7;4;3;20230723;2;1;2;     .;1;1;1;0;0;1;0;1;1;3;1;5;3;2;2;2; ;500;1;1;2
2023;7;8130;128;11;150605;2;7;4;3;20230722;1;1;2;     .;4;3;0;1;0;1;0;1;3;5;5;3;2;2;2;2; ;50;2; ;2
2023;7;8130;271;11;150605;2;7;4;3;20230722;1;1;2;     .;4;1;0;1;0;1;0;1;9;5;4;3;1;2;2;2; ;100;2; ;2
2023;7;8130;273;11;150605;2;7;4;3;20230722;3;1; ;     .; ; ; ; ; ; ; ; ; ; ; ; ; ; ; ; ; ; ; ; ; 
2023;7;8130;274;11;150605;2;7;4;3;20230722;1;1;2;     .;1;1;1;0;1;1;0;1;1;3;1;4;1;2;2;2; ;80;1;2;2
2023;7;8130;275;11;150605;2;7;4;3;20230722;2;1;2;     .;1;1;1;0;1;1;0;1;1;5;5;3;2;2;2;3; ;400;1;2;2
2023;7;8130;276;11;150605;2;7;4;3;20230720;1;1;2;     .;2;1;1;0;1;1;0;1;3;5;5;5;3;2;2;2; ;300;3; ;2
2023;7;8130;277;11;150605;2;7;4;3;20230722;1;1;2;     .;1;1;1;0;1;1;0;1;1;5;1;3;2;2;2;2; ;200;1;1;2
2023;7;8179;4;11;160108;7;2;3;3;20230722;1;1;2;     .;4;3;0;1;0;1;0;1;9;6;4;5;3;2;2;2; ;400;2; ;2
2023;7;8179;53;11;160108;7;2;3;3;20230718;1;1;2;     .;1;1;1;0;0;1;0;1;1;5;4;8;5;1;1;2; ;1000;1;1;2
2023;7;8179;69;11;160108;7;2;3;3;20230723;1;1;2;     .;4;1;1;0;0;1;0;1;1;5;4;3;2;2;2;6; ;200; ; ;2
2023;7;8179;84;11;160108;7;2;3;3;20230715;1;2;2;     .;4;3;1;0;0;1;0;1;1;6;4;4;3;3;3;1;150; ; ; ;2
2023;7;8179;101;11;160108;7;2;3;3;20230730;3; ; ;     .; ; ; ; ; ; ; ; ; ; ; ; ; ; ; ; ; ; ; ; ; 
2023;7;8179;133;11;160108;7;2;3;3;20230730;3; ; ;     .; ; ; ; ; ; ; ; ; ; ; ; ; ; ; ; ; ; ; ; ; 
2023;7;8293;21;11;160201;7;4;5;3;20230728;1;1;2;     .;3;3;0;1;0;1;0;1;1;6;4;4;3;2;2;2; ;300;2; ;2
2023;7;8293;39;11;160201;7;4;5;3;20230729;1;1;2;     .;4;1;0;1;0;1;0;1;7;6;4;4;3;2;2;2; ;200;2; ;2
2023;7;8293;57;11;160201;7;4;5;3;20230729;3; ; ;     .; ; ; ; ; ; ; ; ; ; ; ; ; ; ; ; ; ; ; ; ; 
2023;7;8293;91;11;160201;7;4;5;3;20230729;1;1;2;     .;4;3;0;1;0;0;0;1;7;6;4;2;1;2;2;2; ;90;2; ;2
2023;7;8293;110;11;160201;7;4;5;3;20230728;1;1;2;     .;3;3;0;1;0;1;0;1;1;6;4;3;2;2;2;2; ;100;2; ;2
2023;7;8293;128;11;160201;7;4;5;3;20230730;4; ; ;     .; ; ; ; ; ; ; ; ; ; ; ; ; ; ; ; ; ; ; ; ; 
2023;7;8544;8;11;180301;3;3;4;3;20230723;4; ; ;     .; ; ; ; ; ; ; ; ; ; ; ; ; ; ; ; ; ; ; ; ; 
2023;7;8544;22;11;180301;3;3;4;3;20230723;3; ; ;     .; ; ; ; ; ; ; ; ; ; ; ; ; ; ; ; ; ; ; ; ; 
2023;7;8544;50;11;180301;3;3;4;3;20230723;3; ; ;     .; ; ; ; ; ; ; ; ; ; ; ; ; ; ; ; ; ; ; ; ; 
2023;7;8544;63;11;180301;3;3;4;3;20230720;5; ; ;     .; ; ; ; ; ; ; ; ; ; ; ; ; ; ; ; ; ; ; ; ; 
2023;7;8544;76;11;180301;3;3;4;3;20230722;1;1;2;     .;1;1;1;0;1;1;0;1;1;5;1;4;1;2;2;2; ;320;1;1;2
2023;7;8544;91;11;180301;3;3;4;3;20230723;4; ; ;     .; ; ; ; ; ; ; ; ; ; ; ; ; ; ; ; ; ; ; ; ; 
2023;7;8581;12;11;180205;6;7;3;3;20230731;7; ; ;     .; ; ; ; ; ; ; ; ; ; ; ; ; ; ; ; ; ; ; ; ; 
2023;7;8581;16;11;180205;6;7;3;3;20230731;1;1;2;     .;4;3;0;0;0;0;1;5;5;6;8;3;1; ; ;2; ;50;2; ;2
2023;7;8581;92;11;180205;6;7;3;3;20230713;1;1;2;     .;4;2;0;1;0;0;0;1;1;5;4;5;3;2;2;2; ;200;1;1;2
2023;7;8581;93;11;180205;6;7;3;3;20230714;1;1;2;     .;1;1;0;1;0;0;0;1;1;5;1;1;1;3;3;1;100; ; ; ;2
2023;7;8581;97;11;180205;6;7;3;3;20230714;1;1;2;     .;4;3;0;1;0;0;0;1;1;6;4;2;0;2;2;2; ;100;1;1;2
2023;7;8581;106;11;180205;6;7;3;3;20230714;7; ; ;     .; ; ; ; ; ; ; ; ; ; ; ; ; ; ; ; ; ; ; ; ; 
2023;7;8581;114;11;180205;6;7;3;3;20230714;1;1;2;     .;1;2;0;1;0;0;0;1;1;5;4;3;2;2;2;2; ;200;1;1;2
2023;7;8581;120;11;180205;6;7;3;3;20230713;1;1;2;     .;4;3;0;1;0;0;0;1;3;6;4;1;0;2;2;2; ;150;2; ;2
2023;7;8737;62;11;190306;7;8;4;3;20230723;2;1;2;     .;4;2;1;0;0;1;0;1;7;4;4;3;2;2;2;2; ;100;2; ;2
2023;7;8737;64;11;190306;7;8;4;3;20230724;1;1;2;     .;4;3;0;1;0;1;0;1;7;4;4;4;2;2;2;2; ;300;2; ;2
2023;7;8737;65;11;190306;7;8;4;3;20230723;1;1;2;     .;4;2;0;1;0;1;0;1;7;4;4;5;2;2;2;2; ;100;2; ;2
2023;7;8737;69;11;190306;7;8;4;3;20230723;1;1;2;     .;3;3;0;1;0;1;0;1;7;4;4;3;1;2;2;2; ;60;2; ;2
2023;7;8737;154;11;190306;7;8;4;3;20230722;1;1;2;     .;4;3;0;1;0;1;0;1;7;6;4;2;1;2;2;2; ;80;2; ;2
2023;7;8737;155;11;190306;7;8;4;3;20230722;7; ; ;     .; ; ; ; ; ; ; ; ; ; ; ; ; ; ; ; ; ; ; ; ; 
2023;7;8737;165;11;190306;7;8;4;3;20230722;3; ; ;     .; ; ; ; ; ; ; ; ; ; ; ; ; ; ; ; ; ; ; ; ; 
2023;7;8737;167;11;190306;7;8;4;3;20230722;1;1;1;120305;3;3;0;0;0;1;0;1;7;4;4;3;1;2;2;6; ;50; ; ;2
2023;7;8787;14;11;200104;1;2;1;3;20230704;1;1;2;     .;3;1;1;0;1;1;0;1;1;5;4;3;2;2;2;1;50; ; ; ;2
2023;7;8787;31;11;200104;1;2;1;3;20230629;5; ; ;     .; ; ; ; ; ; ; ; ; ; ; ; ; ; ; ; ; ; ; ; ; 
2023;7;8787;64;11;200104;1;2;1;3;20230714;1;1;2;     .;2;1;1;0;1;1;0;1;1;3;1;3;2;2;2;2; ;1000;3; ;2
2023;7;8787;79;11;200104;1;2;1;3;20230801;1;1;2;     .;3;3;1;0;1;1;0;1;1;6;4;2;1;2;2;2; ;400;1;1;2
2023;7;8787;96;11;200104;1;2;1;3;20230801;3; ; ;     .; ; ; ; ; ; ; ; ; ; ; ; ; ; ; ; ; ; ; ; ; 
2023;7;8787;112;11;200104;1;2;1;3;20230730;3; ; ;     .; ; ; ; ; ; ; ; ; ; ; ; ; ; ; ; ; ; ; ; ; 
2023;7;8845;6;11;200601;1;2;4;3;20230723;3; ; ;     .; ; ; ; ; ; ; ; ; ; ; ; ; ; ; ; ; ; ; ; ; 
2023;7;8845;24;11;200601;1;2;4;3;20230721;1;1;2;     .;3;1;0;1;0;1;0;1;1;5;4;3;1;1;2;2; ;500;1;1;2
2023;7;8845;58;11;200601;1;2;4;3;20230723;3; ; ;     .; ; ; ; ; ; ; ; ; ; ; ; ; ; ; ; ; ; ; ; ; 
2023;7;8845;75;11;200601;1;2;4;3;20230723;2;2;2;     .;1;1;0;1;0;1;0;1;1;5;4;5;4;1;1;2; ;300;1;1;2
2023;7;8845;90;11;200601;1;2;4;3;20230722;3; ; ;     .; ; ; ; ; ; ; ; ; ; ; ; ; ; ; ; ; ; ; ; ; 
2023;7;8845;108;11;200601;1;2;4;3;20230723;1;1;2;     .;3;3;0;1;0;1;0;1;8;6;4;4;3;2;2;2; ;300;2; ;2
2023;7;9088;205;11;210105;6;7;1;3;20230706;1;1;2;     .;3;3;0;0;0;0;1;1;3;6;4;2;1;2;2;2; ;99999;2; ;2
2023;7;9088;211;11;210105;6;7;1;3;20230707;1;1;2;     .;3;3;0;0;0;0;1;1;3;6;4;2;0;2;2;2; ;10;2; ;2
2023;7;9088;384;11;210105;6;7;1;3;20230709;7; ; ;     .; ; ; ; ; ; ; ; ; ; ; ; ; ; ; ; ; ; ; ; ; 
2023;7;9088;387;11;210105;6;7;1;3;20230707;1;1;2;     .;3;3;0;0;0;0;1;1;3;6;4;1;1;2;2;2; ;5;2; ;2
2023;7;9088;388;11;210105;6;7;1;3;20230708;3; ; ;     .; ; ; ; ; ; ; ; ; ; ; ; ; ; ; ; ; ; ; ; ; 
2023;7;9088;390;11;210105;6;7;1;3;20230707;1;1;1;210105;3;2;0;0;0;0;1;1;3;6;4;2;1;2;2;2; ;10;2; ;2
2023;7;9088;391;11;210105;6;7;1;3;20230708;1;1;2;     .;3;2;0;0;0;0;1;1;1;6;4;2;1;2;2;2; ;50;2; ;2
2023;7;9088;396;11;210105;6;7;1;3;20230731;7; ; ;     .; ; ; ; ; ; ; ; ; ; ; ; ; ; ; ; ; ; ; ; ; 
2023;7;9402;9;11;230110;3;2;2;3;20230707;2;1;2;     .;2;3;1;0;1;1;0;1;1;5;1;4;3;2;2;3; ;500;1;1;2
2023;7;9402;22;11;230110;3;2;2;3;20230723;2;1;2;     .;1;3;1;0;1;1;0;1;1;5;1;4;2;2;2;2; ;500;1;1;2
2023;7;9402;36;11;230110;3;2;2;3;20230721;3; ; ;     .; ; ; ; ; ; ; ; ; ; ; ; ; ; ; ; ; ; ; ; ; 
2023;7;9402;49;11;230110;3;2;2;3;20230707;1;1;2;     .;2;2;1;0;1;1;0;1;1;5;1;3;2;1;1;3; ;300;1;1;2
2023;7;9402;83;11;230110;3;2;2;3;20230709;1;1;2;     .;3;3;1;0;1;1;0;1;1;5;4;2;1;2;2;3; ;300;2; ;2
2023;7;9402;93;11;230110;3;2;2;3;20230709;1;1;2;     .;1;3;1;0;1;1;0;1;1;5;4;3;2;2;2;3; ;200;2; ;2
2023;7;9511;14;11;240101;1;3;2;3;20230724;1;1;2;     .;1;1;1;0;1;1;0;1;1;3;4;6;4;2;2;3; ;650;1;1;2
2023;7;9511;28;11;240101;1;3;2;3;20230707;3; ; ;     .; ; ; ; ; ; ; ; ; ; ; ; ; ; ; ; ; ; ; ; ; 
2023;7;9511;41;11;240101;1;3;2;3;20230712;1;1;2;     .;1;1;1;0;1;1;0;1;1;3;1;4;3;1;1;2; ;700;1;1;2
2023;7;9511;70;11;240101;1;3;2;3;20230706;3; ; ;     .; ; ; ; ; ; ; ; ; ; ; ; ; ; ; ; ; ; ; ; ; 
2023;7;9511;84;11;240101;1;3;2;3;20230722;1;1;2;     .;1;1;0;1;0;1;0;1;9;5;4;3;2;2;2;3; ;200;2; ;2
2023;7;9511;97;11;240101;1;3;2;3;20230728;3; ; ;     .; ; ; ; ; ; ; ; ; ; ; ; ; ; ; ; ; ; ; ; ; 
2023;7;9511;125;11;240101;1;3;2;3;20230707;4; ; ;     .; ; ; ; ; ; ; ; ; ; ; ; ; ; ; ; ; ; ; ; ; 
2023;7;9511;140;11;240101;1;3;2;3;20230802;3; ; ;     .; ; ; ; ; ; ; ; ; ; ; ; ; ; ; ; ; ; ; ; ; 
2023;7;9542;4;11;240102;1;5;5;3;20230728;1;1;2;     .;1;1;1;0;1;1;0;1;1;3;4;6;4;2;2;2; ;600;1;1;2
2023;7;9542;20;11;240102;1;5;5;3;20230727;1;1;2;     .;1;1;0;1;0;1;0;1;5;5;4;3;2;2;2;2; ;400;2; ;2
2023;7;9542;35;11;240102;1;5;5;3;20230801;1;1;2;     .;1;1;1;0;0;1;0;1;1;3;4;4;3;1;1;2; ;350;1;1;2
2023;7;9542;66;11;240102;1;5;5;3;20230725;5; ; ;     .; ; ; ; ; ; ; ; ; ; ; ; ; ; ; ; ; ; ; ; ; 
2023;7;9542;79;11;240102;1;5;5;3;20230801;1;1;2;     .;1;1;0;1;1;1;0;1;1;5;1;5;4;1;1;2; ;300;2; ;2
2023;7;9542;96;11;240102;1;5;5;3;20230729;1;1;2;     .;1;2;0;1;0;1;0;1;1;5;4;4;3;2;2;2; ;350;1;1;2
2023;7;9669;8;11;250107;7;2;5;3;20230729;1;1;2;     .;4;3;0;1;0;1;0;1;7;5;4;2;1;2;2;2; ;100;1;1;2
2023;7;9669;30;11;250107;7;2;5;3;20230727;1;1;2;     .;4;3;0;1;0;1;0;1;7;5;4;3;2;2;2;2; ;200;2; ;2
2023;7;9669;76;11;250107;7;2;5;3;20230729;1;1;2;     .;1;1;1;0;1;1;0;1;1;5;1;4;2;1;1;2; ;300;1;1;2
2023;7;9669;98;11;250107;7;2;5;3;20230801;3; ; ;     .; ; ; ; ; ; ; ; ; ; ; ; ; ; ; ; ; ; ; ; ; 
2023;7;9669;118;11;250107;7;2;5;3;20230729;7; ; ;     .; ; ; ; ; ; ; ; ; ; ; ; ; ; ; ; ; ; ; ; ; 
2023;7;9669;141;13;250107;7;2;5;3;20230730;1;1;2;     .;4;1;1;0;1;1;0;1;7;5;4;9;6;2;2;2; ;300;1;1;2
2023;7;9669;141;23;250107;7;2;5;3;20230729;3; ; ;     .; ; ; ; ; ; ; ; ; ; ; ; ; ; ; ; ; ; ; ; ; 
2023;7;9669;141;33;250107;7;2;5;3;20230801;1;1;2;     .;4;1;1;0;1;1;0; ; ; ; ; ; ; ; ;6; ;350; ; ;2
2023;7;9933;8;11;50112;5;6;4;3;20230801;1;1;2;     .;3;2;0;1;1;0;0;1;3;5;3;7;3;2;2;2; ;100;1;2;2
2023;7;9933;26;11;50112;5;6;4;3;20230728;1;1;2;     .;3;3;0;1;0;1;0;1;3;6;3;2;0;2;2;2; ;50;2; ;2
2023;7;9933;44;11;50112;5;6;4;3;20230801;4; ; ;     .; ; ; ; ; ; ; ; ; ; ; ; ; ; ; ; ; ; ; ; ; 
2023;7;9933;54;11;50112;5;6;4;3;20230727;1;1;2;     .;3;3;0;1;0;1;0;1;3;6;3;3;1;2;2;2; ;30;1;1;2
2023;7;9933;64;11;50112;5;6;4;3;20230728;2;1;2;     .;2;3;1;0;0;1;0;1;1;5;1;1;0;2;2;6; ;60; ; ;2
2023;7;9933;71;11;50112;5;6;4;3;20230730;1;1;2;     .;3;3;1;0;0;1;0;1;4;6;4;3;1;2;2;6; ;30; ; ;2
2023;7;9933;80;11;50112;5;6;4;3;20230727;5; ; ;     .; ; ; ; ; ; ; ; ; ; ; ; ; ; ; ; ; ; ; ; ; 
2023;7;9933;97;11;50112;5;6;4;3;20230727;1;1;2;     .;3;3;1;0;0;1;0;1;3;6;4;3;1;2;2;2; ;50;1;2;2
2023;7;10035;23;11;40109;6;1;1;3;20230629;1;1;2;     .;3;3;0;0;0;1;0;1;1;5;4;1;1;2;2;2; ;100;2; ;2
2023;7;10035;40;11;40109;6;1;1;3;20230702;2;1;2;     .;3;3;0;1;0;1;0;1;1;5;4;1;1;2;2;6; ;200; ; ;2
2023;7;10035;67;11;40109;6;1;1;3;20230716;1;1;2;     .;1;2;1;0;1;1;0;1;1;5;1;6;3;1;1;2; ;99999;1;1;2
2023;7;10035;81;11;40109;6;1;1;3;20230721;3; ; ;     .; ; ; ; ; ; ; ; ; ; ; ; ; ; ; ; ; ; ; ; ; 
2023;7;10035;97;11;40109;6;1;1;3;20230709;2;1;2;     .;1;3;0;1;0;1;0;1;1;5;1;6;4;2;1;2; ;800;1;1;2
2023;7;10035;109;11;40109;6;1;1;3;20230702;1;1;2;     .;3;3;0;0;0;1;0;1;1;5;1;1;1;2;2;4;850;200;1;1;2
2023;7;10364;10;11;220206;7;5;2;3;20230801;1;1;2;     .;3;3;0;1;0;1;0;1;1;5;4;2;2;2;1;2; ;200;2; ;2
2023;7;10364;24;11;220206;7;5;2;3;20230714;1;1;2;     .;4;3;0;1;0;1;0;1;7;5;4;1;1;2;2;2; ;200;2; ;2
2023;7;10364;37;11;220206;7;5;2;3;20230714;1;1;2;     .;4;2;0;1;0;1;0;1;7;6;4;2;1;2;2;2; ;150;1;1;2
2023;7;10364;56;11;220206;7;5;2;3;20230715;1;1;1;220201;1;3;0;0;0;1;0;1;1;5;4;2;1;1;1;2; ;200;2; ;2
2023;7;10364;70;11;220206;7;5;2;3;20230715;1;1;2;     .;3;3;0;1;0;1;0;1;3;6;4;2;1;3;3;6; ;50; ; ;2
2023;7;10364;83;11;220206;7;5;2;3;20230714;1;1;2;     .;1;2;0;1;0;1;0;1;1;5;4;2;1;3;3;1;100; ; ; ;2
2023;7;10447;3;11;40208;3;4;4;3;20230721;7; ; ;     .; ; ; ; ; ; ; ; ; ; ; ; ; ; ; ; ; ; ; ; ; 
2023;7;10447;14;11;40208;3;4;4;3;20230721;1;1;2;     .;1;1;1;0;0;1;0;1;1;2;1;4;2;2;2;2; ;200;1;1;2
2023;7;10447;26;11;40208;3;4;4;3;20230722;1;1;2;     .;3;3;1;0;1;1;0;1;1;5;1;5;3;2;2;2; ;200;1;1;2
2023;7;10447;37;11;40208;3;4;4;3;20230726;1;1;2;     .;4;3;0;1;0;0;0;1;7;5;4;6;5;2;2;2; ;250;2; ;2
2023;7;10447;49;11;40208;3;4;4;3;20230724;1;1;2;     .;2;1;0;1;0;1;0;1;1;3;1;4;3;1;1;2; ;300;1;1;2
2023;7;10447;70;11;40208;3;4;4;3;20230723;1;1;2;     .;1;1;1;0;1;1;0;1;1;2;1;6;4;2;2;2; ;650;1;1;2
2023;7;15004;15;11;10101;4;4;3;1;20230730;4; ; ;     .; ; ; ; ; ; ; ; ; ; ; ; ; ; ; ; ; ; ; ; ; 
2023;7;15004;30;11;10101;4;4;3;1;20230715;1; ;2;     .;3;3;0;1;0;1;0;1;3;5;4;4;3;2;2;2; ;300;2; ;2
2023;7;15004;45;11;10101;4;4;3;1;20230715;1; ;2;     .;1;1;0;1;1;1;0;1;3;5;4;4;2;2;2;2; ;700;1;1;2
2023;7;15004;60;11;10101;4;4;3;1;20230719;2; ;2;     .;1;2;0;1;0;1;0;1;1;3;1;6;3;1;1;2; ;800;1;1;2
2023;7;15004;75;11;10101;4;4;3;1;20230712;5; ; ;     .; ; ; ; ; ; ; ; ; ; ; ; ; ; ; ; ; ; ; ; ; 
2023;7;15004;92;11;10101;4;4;3;1;20230715;1; ;2;     .;1;3;1;0;1;1;0;4;1;5;1;3;2;1;2;2; ;800;1;1;2
2023;7;15004;106;11;10101;4;4;3;1;20230712;7; ; ;     .; ; ; ; ; ; ; ; ; ; ; ; ; ; ; ; ; ; ; ; ; 
2023;7;15004;120;11;10101;4;4;3;1;20230725;3; ; ;     .; ; ; ; ; ; ; ; ; ; ; ; ; ; ; ; ; ; ; ; ; 
2023;7;15004;135;11;10101;4;4;3;1;20230726;3; ; ;     .; ; ; ; ; ; ; ; ; ; ; ; ; ; ; ; ; ; ; ; ; 
2023;7;15004;150;11;10101;4;4;3;1;20230725;4; ; ;     .; ; ; ; ; ; ; ; ; ; ; ; ; ; ; ; ; ; ; ; ; 
2023;7;15012;2;11;10101;4;4;1;3;20230629;1;1;2;     .;1;1;0;1;0;0;0;1;1;2;1;5;3;2;2;2; ;400;2; ;2
2023;7;15012;4;11;10101;4;4;1;3;20230629;1;1;2;     .;1;1;0;1;0;0;0;1;1;5;4;4;3;2;2;2; ;100;2; ;2
2023;7;15012;8;11;10101;4;4;1;3;20230629;1;1;2;     .;4;1;0;1;0;0;0;1;1;5;1;4;3;2;2;2; ;250;2; ;2
2023;7;15012;19;11;10101;4;4;1;3;20230630;1;1;2;     .;3;3;0;1;0;0;0;1;3;6;4;3;2;2;2;2; ;50;2; ;2
2023;7;15012;45;11;10101;4;4;1;3;20230726;1;1;2;     .;1;3;0;1;0;0;0;1;3;5;4;4;3;2;2;2; ;50;2; ;2
2023;7;15012;59;11;10101;4;4;1;3;20230702;1;1;2;     .;3;3;0;1;0;0;0;1;1;5;4;2;2;2;2;6; ;120; ; ;2
2023;7;15047;11;11;10201;7;4;5;1;20230727;1; ;2;     .;1;1;1;0;1;1;0;1;3;5;4;4;3;2;2;2; ;150;2; ;2
2023;7;15047;24;11;10201;7;4;5;1;20230730;2; ;2;     .;1;3;0;1;0;1;0;1;1;5;4;7;5;1;1;2; ;500;2; ;2
2023;7;15047;49;11;10201;7;4;5;1;20230726;4; ; ;     .; ; ; ; ; ; ; ; ; ; ; ; ; ; ; ; ; ; ; ; ; 
2023;7;15047;62;11;10201;7;4;5;1;20230725;1; ;2;     .;1;1;0;1;0;1;0;1;1;2;1;5;3;3;3;1;900; ; ; ;2
2023;7;15047;74;11;10201;7;4;5;1;20230728;4; ; ;     .; ; ; ; ; ; ; ; ; ; ; ; ; ; ; ; ; ; ; ; ; 
2023;7;15047;87;11;10201;7;4;5;1;20230728;1; ;2;     .;3;3;0;1;0;1;0;1;1;6;4;1;0;2;2;2; ;400;2; ;2
2023;7;15061;2;11;10201;7;4;4;1;20230720;1; ;2;     .;3;3;1;0;1;1;0;1;3;5;4;2;1;2;2;2; ;200;2; ;2
2023;7;15061;23;11;10201;7;4;4;1;20230721;1; ;2;     .;3;1;1;0;1;1;0;1;5;5;4;2;1;2;2;2; ;200;2; ;2
2023;7;15061;65;11;10201;7;4;4;1;20230723;1; ;1;140101;2;2;1;0;1;1;0;1;1;3;1;3;2;1;2;2; ;1000;2; ;2
2023;7;15061;85;11;10201;7;4;4;1;20230723;1; ;1;60801;1;1;1;0;1;1;0;1;1;3;1;6;3;1;2;2; ;99999;1;1;2
2023;7;15061;105;11;10201;7;4;4;1;20230722;1; ;1;10101;1;1;1;0;1;1;0;1;1;3;4;4;3;2;2;2; ;500;1;1;2
2023;7;15061;126;11;10201;7;4;4;1;20230723;1; ;2;     .;4;3;0;1;0;1;0;1;9;6;4;1;0;2;2;2; ;100;2; ;2
2023;7;15067;6;11;10701;7;4;3;3;20230713;5; ; ;     .; ; ; ; ; ; ; ; ; ; ; ; ; ; ; ; ; ; ; ; ; 
2023;7;15067;36;11;10701;7;4;3;3;20230714;1;1;2;     .;3;2;0;1;0;1;0;1;3;5;4;3;2;3;2;6; ;500; ; ;2
2023;7;15067;51;11;10701;7;4;3;3;20230716;3;1; ;     .; ; ; ; ; ; ; ; ; ; ; ; ; ; ; ; ; ; ; ; ; 
2023;7;15067;66;11;10701;7;4;3;3;20230715;1;1;2;     .;1;2;0;1;0;1;0;1;1;2;1;2;1;3;3;6; ;400; ; ;2
2023;7;15067;78;11;10701;7;4;3;3;20230716;1;1;2;     .;1;1;0;1;0;1;0;1;1;5;4;3;2;3;3;1;240; ; ; ;2
2023;7;15067;95;11;10701;7;4;3;3;20230715;1;1;2;     .;3;1;0;1;0;1;0;1;3;5;4;3;2;2;2;2; ;300;2; ;2
2023;7;15069;5;11;10701;7;4;2;1;20230707;1; ;2;     .;1;1;1;0;1;1;0;1;1;5;4;2;1;1;1;4;1200;500;1;1;2
2023;7;15069;23;11;10701;7;4;2;1;20230708;1; ;2;     .;3;3;0;1;0;1;0;1;1;5;1;3;2;3;2;2; ;500;1;1;2
2023;7;15069;40;11;10701;7;4;2;1;20230708;1; ;2;     .;1;1;1;0;1;1;0;1;1;5;1;2;1;3;3;6; ;200; ; ;2
2023;7;15069;59;11;10701;7;4;2;1;20230707;1; ;2;     .;1;3;1;0;1;1;0;1;1;5;1;3;2;2;2;2; ;200;1;1;2
2023;7;15069;78;11;10701;7;4;2;1;20230706;1; ;2;     .;3;3;1;0;0;1;0;1;1;2;1;1;0;1;1;1;150; ; ; ;2
2023;7;15069;95;11;10701;7;4;2;1;20230707;1; ;2;     .;1;1;0;1;0;1;0;1;1;2;1;3;2;2;2;2; ;150;2; ;2
2023;7;15069;113;11;10701;7;4;2;1;20230706;7; ; ;     .; ; ; ; ; ; ; ; ; ; ; ; ; ; ; ; ; ; ; ; ; 
2023;7;15098;6;11;10506;4;6;4;3;20230720;1;1;2;     .;3;3;0;1;0;0;0;1;3;6;4;5;4;2;2;2; ;320;2; ;2
2023;7;15098;24;11;10506;4;6;4;3;20230721;1;1;2;     .;3;2;0;1;0;1;0;1;4;5;3;3;1;2;2;2; ;50;2; ;2
2023;7;15098;32;11;10506;4;6;4;3;20230722;1;1;2;     .;3;1;0;1;0;1;0;1;3;5;4;5;1;2;2;2; ;150;1;1;2
2023;7;15098;50;11;10506;4;6;4;3;20230720;1;1;2;     .;3;1;0;1;0;1;0;1;3;6;3;5;2;2;2;2; ;200;1;1;2
2023;7;15098;59;11;10506;4;6;4;3;20230723;1;1;2;     .;1;1;0;1;0;1;0;1;3;5;4;3;2;2;2;2; ;100;1;1;2
2023;7;15098;67;11;10506;4;6;4;3;20230722;1;1;2;     .;2;1;0;1;0;1;0;1;3;6;4;3;2;2;2;2; ;50;2; ;2
2023;7;15098;76;11;10506;4;6;4;3;20230719;1;1;2;     .;3;2;0;1;0;1;0;1;3;6;4;3;1;2;2;2; ;120;2; ;2
2023;7;15098;85;11;10506;4;6;4;3;20230721;1;1;2;     .;1;1;0;1;0;1;0;1;3;6;4;5;4;2;2;2; ;150;2; ;2
2023;7;15113;49;11;10205;7;7;2;5;20230708;1; ;2;     .;4;3;1;0;0;1;0;1;7;5;4;3;1;2;2;2; ;200;2; ;2
2023;7;15113;50;11;10205;7;7;2;5;20230707;1; ;2;     .;3;3;0;0;0;0;1;1;1;6;4;3;1;2;2;2; ;200;2; ;2
2023;7;15113;51;11;10205;7;7;2;5;20230708;1; ;2;     .;4;3;0;0;0;0;1;1;7;5;4;2;1;2;2;1;100; ; ; ;2
2023;7;15113;52;11;10205;7;7;2;5;20230706;5; ; ;     .; ; ; ; ; ; ; ; ; ; ; ; ; ; ; ; ; ; ; ; ; 
2023;7;15113;121;11;10205;7;7;2;5;20230707;1; ;2;     .;4;3;0;1;0;1;0;1;7;6;4;3;2;2;2;2; ;180;2; ;2
2023;7;15113;122;11;10205;7;7;2;5;20230709;1; ;2;     .;3;3;1;0;0;1;0;1;1;5;4;4;3;2;2;2; ;200;2; ;2
2023;7;15113;123;11;10205;7;7;2;5;20230706;1; ;2;     .;4;2;0;1;0;0;0;1;7;5;4;5;2;2;2;2; ;300;2; ;2
2023;7;15113;124;11;10205;7;7;2;5;20230707;1; ;2;     .;4;3;0;1;0;0;0;1;7;5;4;1;1;2;2;2; ;200;2; ;2
2023;7;15113;125;11;10205;7;7;2;5;20230707;1; ;2;     .;4;3;1;0;0;1;0;1;7;6;4;1;0;2;2;2; ;200;2; ;2
2023;7;15113;126;11;10205;7;7;2;5;20230706;7; ; ;     .; ; ; ; ; ; ; ; ; ; ; ; ; ; ; ; ; ; ; ; ; 
2023;7;15113;127;11;10205;7;7;2;5;20230707;7; ; ;     .; ; ; ; ; ; ; ; ; ; ; ; ; ; ; ; ; ; ; ; ; 
2023;7;15113;128;11;10205;7;7;2;5;20230706;7; ; ;     .; ; ; ; ; ; ; ; ; ; ; ; ; ; ; ; ; ; ; ; ; 
2023;7;15116;57;11;10602;7;7;3;5;20230705;7; ; ;     .; ; ; ; ; ; ; ; ; ; ; ; ; ; ; ; ; ; ; ; ; 
2023;7;15116;58;11;10602;7;7;3;5;20230708;1; ;2;     .;1;1;0;1;0;1;0;1;7;3;4;6;4;2;2;2; ;99999;1;1;2
2023;7;15116;59;11;10602;7;7;3;5;20230705;7; ; ;     .; ; ; ; ; ; ; ; ; ; ; ; ; ; ; ; ; ; ; ; ; 
2023;7;15116;60;11;10602;7;7;3;5;20230707;1; ;2;     .;4;2;0;1;0;1;0;1;7;5;4;3;1;2;2;1;200; ; ; ;2
2023;7;15116;138;11;10602;7;7;3;5;20230708;1; ;2;     .;4;3;0;0;0;0;1;1;7;6;4;1;1;2;2;6; ;50; ; ;2
2023;7;15116;139;11;10602;7;7;3;5;20230707;1; ;2;     .;4;3;0;1;0;1;0;1;7;6;4;3;2;2;2;2; ;150;2; ;2
2023;7;15116;140;11;10602;7;7;3;5;20230707;1; ;2;     .;4;3;0;1;0;1;0;1;8;6;4;1;1;2;2;2; ;60;2; ;2
2023;7;15116;141;11;10602;7;7;3;5;20230708;1; ;2;     .;3;3;0;0;0;0;1;1;4;6;4;2;1;2;2;2; ;100;2; ;2
2023;7;15116;142;11;10602;7;7;3;5;20230707;1; ;2;     .;4;3;0;0;0;0;1;1;7;6;4;2;1;2;2;2; ;50;2; ;2
2023;7;15116;143;11;10602;7;7;3;5;20230706;5; ; ;     .; ; ; ; ; ; ; ; ; ; ; ; ; ; ; ; ; ; ; ; ; 
2023;7;15116;144;11;10602;7;7;3;5;20230706;1; ;1;10601;2;2;0;1;0;1;0;1;1;5;4;3;2;2;2;2; ;100;2; ;2
2023;7;15126;2;11;10604;7;6;5;4;20230728;1; ;2;     .;1;1;1;0;1;1;0;1;3;6;3;2;2;2;2;2; ;100;2; ;2
2023;7;15126;11;11;10604;7;6;5;4;20230727;5; ; ;     .; ; ; ; ; ; ; ; ; ; ; ; ; ; ; ; ; ; ; ; ; 
2023;7;15126;20;11;10604;7;6;5;4;20230729;1; ;2;     .;1;1;0;1;0;1;0;1;3;5;3;3;2;2;2;2; ;100;2; ;2
2023;7;15126;29;11;10604;7;6;5;4;20230728;1; ;2;     .;1;1;1;0;0;1;0;1;3;6;4;1;0;2;2;6; ;100; ; ;2
2023;7;15126;38;11;10604;7;6;5;4;20230728;1; ;2;     .;1;1;1;0;1;1;0;1;3;5;4;8;4;2;2;2; ;100;1;1;2
2023;7;15126;47;11;10604;7;6;5;4;20230729;4; ; ;     .; ; ; ; ; ; ; ; ; ; ; ; ; ; ; ; ; ; ; ; ; 
2023;7;15126;57;11;10604;7;6;5;4;20230728;1; ;1;10602;1;1;1;0;1;1;0;1;1;3;1;3;2;2;2;2; ;500;1;2;2
2023;7;15126;66;11;10604;7;6;5;4;20230728;5; ; ;     .; ; ; ; ; ; ; ; ; ; ; ; ; ; ; ; ; ; ; ; ; 
2023;7;15126;75;11;10604;7;6;5;4;20230801;1; ;2;     .;1;1;0;0;0;0;1;1;3;6;4;1;0;2;2;2; ;100;2; ;2
2023;7;15126;84;11;10604;7;6;5;4;20230727;5; ; ;     .; ; ; ; ; ; ; ; ; ; ; ; ; ; ; ; ; ; ; ; ; 
2023;7;15126;93;11;10604;7;6;5;4;20230729;1; ;2;     .;3;3;0;1;0;0;0;1;3;6;3;2;1;2;2;2; ;50;1;2;2
2023;7;15132;13;11;10403;7;7;4;5;20230718;1; ;2;     .;4;3;0;1;0;0;0;1;7;6;4;2;1;2;2;2; ;200;2; ;2
2023;7;15132;14;11;10403;7;7;4;5;20230718;1; ;2;     .;4;3;0;1;0;0;0;1;7;5;4;1;0;2;2;2; ;20;2; ;2
2023;7;15132;15;11;10403;7;7;4;5;20230718;1; ;1;10403;4;3;0;1;0;0;0;1;7;6;4;2;1;2;2;2; ;50;2; ;2
2023;7;15132;16;11;10403;7;7;4;5;20230718;1; ;2;     .;4;3;0;1;0;0;0;1;7;6;7;1;1;2;2;2; ;20;2; ;2
2023;7;15132;109;11;10403;7;7;4;5;20230718;1; ;2;     .;4;3;0;1;0;0;0;5;7;4;7;1;1; ; ;2; ;60;2; ;2
2023;7;15132;110;11;10403;7;7;4;5;20230718;1; ;2;     .;4;3;0;1;0;0;0;1;7;6;4;1;1;2;2;2; ;20;2; ;2
2023;7;15132;111;11;10403;7;7;4;5;20230717;1; ;2;     .;4;3;0;0;0;0;1;1;7;4;4;2;1;2;2;6; ;100; ; ;2
2023;7;15132;112;11;10403;7;7;4;5;20230717;1; ;2;     .;4;3;0;0;0;0;1;5;7;6;7;1;0; ; ;2; ;20;2; ;2
2023;7;15157;41;11;10205;7;8;5;3;20230727;7; ; ;     .; ; ; ; ; ; ; ; ; ; ; ; ; ; ; ; ; ; ; ; ; 
2023;7;15157;42;11;10205;7;8;5;3;20230727;1;1;2;     .;4;3;0;1;0;1;0;1;7;6;4;4;2;2;2;2; ;200;2; ;2
2023;7;15157;43;11;10205;7;8;5;3;20230727;7; ; ;     .; ; ; ; ; ; ; ; ; ; ; ; ; ; ; ; ; ; ; ; ; 
2023;7;15157;44;11;10205;7;8;5;3;20230727;1;1;2;     .;4;1;0;1;0;1;0;1;7;5;4;4;2;2;2;2; ;50;2; ;2
2023;7;15157;92;11;10205;7;8;5;3;20230727;1;1;2;     .;3;1;0;1;0;1;0;1;7;4;4;3;1;2;2;2; ;150;2; ;2
2023;7;15157;93;11;10205;7;8;5;3;20230727;1;2;2;     .;4;3;0;1;0;1;0;1;7;5;4;2;0;2;2;6; ;60; ; ;2
2023;7;15157;95;11;10205;7;8;5;3;20230727;1;1;2;     .;4;1;0;1;0;1;0;1;7;5;4;3;1;2;2;2; ;80;2; ;2
2023;7;15157;96;11;10205;7;8;5;3;20230728;2;1;2;     .;4;3;0;1;0;0;0;1;7;6;4;3;1;2;2;2; ;100;2; ;2
2023;7;15159;25;11;10403;7;7;3;3;20230714;1;1;1;60801;4;3;0;0;0;0;1;1;7;4;4;5;4;2;2;2; ;80;2; ;2
2023;7;15159;26;11;10403;7;7;3;3;20230714;1;1;2;     .;4;3;0;1;0;0;0;1;7;4;4;4;3;2;2;2; ;80;2; ;2
2023;7;15159;27;11;10403;7;7;3;3;20230715;1;1;2;     .;4;3;0;1;0;0;0;1;7;4;7;2;1;2;2;6; ;50; ; ;2
2023;7;15159;28;11;10403;7;7;3;3;20230715;1;1;2;     .;4;3;0;1;0;0;0;1;7;4;4;6;5;2;2;2; ;60;2; ;2
2023;7;15159;115;11;10403;7;7;3;3;20230715;1;1;2;     .;4;3;0;1;0;0;0;1;7;4;4;2;1;2;2;2; ;50;2; ;2
2023;7;15159;116;11;10403;7;7;3;3;20230715;1;1;2;     .;4;3;0;1;0;0;0;1;7;4;4;6;3;2;2;2; ;200;2; ;2
2023;7;15159;117;11;10403;7;7;3;3;20230715;1;1;2;     .;4;3;0;1;0;0;0;1;7;4;4;3;3;2;2;2; ;250;2; ;2
2023;7;15159;118;11;10403;7;7;3;3;20230715;7; ; ;     .; ; ; ; ; ; ; ; ; ; ; ; ; ; ; ; ; ; ; ; ; 
2023;7;15177;41;11;10707;7;8;4;5;20230723;1; ;2;     .;3;3;0;1;0;1;0;1;3;5;4;2;1;2;2;6; ;290; ; ;2
2023;7;15177;42;11;10707;7;8;4;5;20230723;1; ;1;60801;1;1;0;1;0;1;0;1;6;4;4;4;2;2;2;2; ;150;1;2;2
2023;7;15177;43;11;10707;7;8;4;5;20230720;1; ;2;     .;1;1;0;1;0;1;0;1;4;4;4;3;1;2;2;2; ;100;1;2;2
2023;7;15177;44;11;10707;7;8;4;5;20230720;1; ;2;     .;1;3;0;1;0;1;0;1;7;4;4;1;0;2;2;1;65; ; ; ;2
2023;7;15177;105;11;10707;7;8;4;5;20230721;1; ;2;     .;3;3;0;1;0;0;0;1;4;6;4;2;1;2;2;2; ;30;2; ;2
2023;7;15177;106;11;10707;7;8;4;5;20230721;7; ; ;     .; ; ; ; ; ; ; ; ; ; ; ; ; ; ; ; ; ; ; ; ; 
2023;7;15177;107;11;10707;7;8;4;5;20230721;1; ;2;     .;4;3;0;1;0;0;0;1;7;4;4;2;1;2;2;2; ;50;1;1;2
2023;7;15177;108;11;10707;7;8;4;5;20230721;1; ;2;     .;4;2;0;1;0;0;0;1;7;6;4;2;1;2;2;2; ;100;2; ;2
2023;7;15177;109;11;10707;7;8;4;5;20230721;5; ; ;     .; ; ; ; ; ; ; ; ; ; ; ; ; ; ; ; ; ; ; ; ; 
2023;7;15177;110;11;10707;7;8;4;5;20230721;1; ;2;     .;4;3;0;0;0;0;1;1;7;6;4;1;1;2;2;2; ;20;2; ;2
2023;7;15182;69;11;10512;7;7;3;5;20230712;7; ; ;     .; ; ; ; ; ; ; ; ; ; ; ; ; ; ; ; ; ; ; ; ; 
2023;7;15182;70;11;10512;7;7;3;5;20230712;7; ; ;     .; ; ; ; ; ; ; ; ; ; ; ; ; ; ; ; ; ; ; ; ; 
2023;7;15182;71;11;10512;7;7;3;5;20230713;1; ;2;     .;3;2;0;1;0;1;0;1;4;6;4;2;2;2;2;6; ;300; ; ;2
2023;7;15182;72;11;10512;7;7;3;5;20230713;5; ; ;     .; ; ; ; ; ; ; ; ; ; ; ; ; ; ; ; ; ; ; ; ; 
2023;7;15182;157;11;10512;7;7;3;5;20230714;1; ;2;     .;4;3;0;1;0;0;0;1;4;6;4;5;3;2;2;2; ;120;2; ;2
2023;7;15182;158;11;10512;7;7;3;5;20230715;1; ;2;     .;3;2;0;1;0;1;0;1;4;4;4;4;2;2;2;2; ;140;2; ;2
2023;7;15182;159;11;10512;7;7;3;5;20230713;1; ;2;     .;3;3;0;1;0;1;0;1;1;5;1;1;0;2;2;2; ;100;2; ;2
2023;7;15182;160;11;10512;7;7;3;5;20230713;1; ;2;     .;1;2;0;1;0;1;0;1;4;5;4;4;2;2;2;2; ;250;2; ;2
2023;7;15182;161;11;10512;7;7;3;5;20230713;1; ;2;     .;3;3;0;1;0;0;0;1;4;6;4;4;1;2;2;2; ;150;2; ;2
2023;7;15182;162;11;10512;7;7;3;5;20230714;1; ;2;     .;3;3;0;1;0;1;0;1;4;4;4;5;3;2;2;6; ;100; ; ;2
2023;7;15182;163;11;10512;7;7;3;5;20230714;1; ;2;     .;3;2;0;1;0;1;0;1;4;5;4;4;2;2;2;2; ;150;2; ;2
2023;7;15205;8;11;21809;2;2;5;1;20230725;7; ; ;     .; ; ; ; ; ; ; ; ; ; ; ; ; ; ; ; ; ; ; ; ; 
2023;7;15205;20;11;21809;2;2;5;1;20230730;1; ;2;     .;1;1;1;0;1;1;0;1;1;5;1;4;3;1;1;2; ;300;2; ;2
2023;7;15205;33;11;21809;2;2;5;1;20230728;4; ; ;     .; ; ;0;0;0;0;0; ; ; ; ; ; ; ; ; ; ; ; ; ; 
2023;7;15205;45;11;21809;2;2;5;1;20230729;1; ;2;     .;1;1;1;0;1;1;0;1;1;3;1;5;3;2;2;2; ;1000;2; ;2
2023;7;15205;58;11;21809;2;2;5;1;20230729;4; ; ;     .; ; ; ; ; ; ; ; ; ; ; ; ; ; ; ; ; ; ; ; ; 
2023;7;15205;70;11;21809;2;2;5;1;20230730;1; ;2;     .;1;1;1;0;1;1;0;1;2;5;1;4;3;2;2;1;300; ; ; ;2
2023;7;15205;83;11;21809;2;2;5;1;20230801;1; ;2;     .;1;1;1;0;1;1;0;1;1;5;1;2;1;2;2;2; ;500;1;1;2
2023;7;15205;107;11;21809;2;2;5;1;20230727;1; ;2;     .;1;1;1;0;1;1;0;1;1;3;1;6;4;2;2;2; ;800;2; ;2
2023;7;15205;119;11;21809;2;2;5;1;20230731;4; ; ;     .; ; ; ; ; ; ; ; ; ; ; ; ; ; ; ; ; ; ; ; ; 
2023;7;15228;1;11;21809;2;2;3;3;20230719;4; ; ;     .; ; ; ; ; ; ; ; ; ; ; ; ; ; ; ; ; ; ; ; ; 
2023;7;15228;18;11;21809;2;2;3;3;20230712;5; ; ;     .; ; ; ; ; ; ; ; ; ; ; ; ; ; ; ; ; ; ; ; ; 
2023;7;15228;60;11;21809;2;2;3;3;20230714;1;1;2;     .;1;1;0;1;0;1;0;1;1;5;4;5;4;2;2;2; ;300;1;1;2
2023;7;15228;87;11;21809;2;2;3;3;20230714;1;1;2;     .;1;3;0;1;0;1;0;1;1;6;1;4;3;2;2;2; ;300;2; ;2
2023;7;15228;100;11;21809;2;2;3;3;20230716;1;2;2;     .;4;1;0;1;0;1;0;1;8;5;4;2;1;2;2;6; ;200; ; ;2
2023;7;15228;114;11;21809;2;2;3;3;20230715;1;1;1;130401;4;3;0;1;0;1;0;1;8;6;4;2;1;2;2;2; ;100;1;1;2
2023;7;15235;12;11;21801;2;2;3;1;20230715;1; ;2;     .;1;3;1;0;1;1;0;2;1;3;1;4;2;1;1;1;700; ; ; ;2
2023;7;15235;25;11;21801;2;2;3;1;20230714;1; ;2;     .;1;1;1;0;1;1;0;1;1;3;1;5;3;1;1;2; ;2000;1;1;2
2023;7;15235;50;11;21801;2;2;3;1;20230714;1; ;2;     .;1;1;1;0;1;1;0;1;1;5;1;4;2;2;2;2; ;400;1;1;2
2023;7;15235;65;11;21801;2;2;3;1;20230719;1; ;2;     .;1;1;1;0;1;1;0;1;1;5;1;4;3;2;2;2; ;300;2; ;2
2023;7;15235;75;11;21801;2;2;3;1;20230723;4; ; ;     .; ; ; ; ; ; ; ; ; ; ; ; ; ; ; ; ; ; ; ; ; 
2023;7;15235;88;11;21801;2;2;3;1;20230718;1; ;2;     .;1;1;1;0;1;1;0;1;1;5;1;4;3;2;2;2; ;800;1;1;2
2023;7;15235;111;11;21801;2;2;3;1;20230715;1; ;2;     .;1;1;1;0;1;1;0;1;1;3;1;8;4;1;1;2; ;1000;1;1;2
2023;7;15235;124;11;21801;2;2;3;1;20230715;1; ;1;130901;1;1;1;0;1;1;0;1;1;2;1;5;4;1;2;2; ;800;2; ;2
2023;7;15243;7;11;21809;2;2;4;1;20230724;1; ;2;     .;1;1;1;0;1;1;0;1;1;5;4;5;4;2;2;2; ;450;1;1;2
2023;7;15243;22;11;21809;2;2;4;1;20230729;2; ;2;     .;2;2;1;0;1;1;0;1;1;5;1;9;6;2;2;2; ;500;1;1;2
2023;7;15243;50;11;21809;2;2;4;1;20230723;1; ;2;     .;1;1;1;0;1;1;0;1;1;5;1;3;2;2;2;6; ;300; ; ;2
2023;7;15243;65;11;21809;2;2;4;1;20230723;1; ;2;     .;1;1;1;0;1;1;0;1;1;5;4;5;4;2;2;2; ;400;1;1;2
2023;7;15243;82;11;21809;2;2;4;1;20230722;2; ;2;     .;1;1;1;0;1;1;0;1;1;5;4;3;2;2;2;3; ;500;1;1;2
2023;7;15243;97;11;21809;2;2;4;1;20230723;1; ;2;     .;1;1;1;0;1;1;0;1;1;5;1;4;2;2;2;3; ;300;1;1;2
2023;7;15244;7;11;21809;2;2;1;1;20230630;1; ;2;     .;3;3;0;1;0;1;0;1;1;5;4;2;1;2;2;2; ;100;1;1;2
2023;7;15244;19;11;21809;2;2;1;1;20230630;1; ;2;     .;4;1;0;1;0;1;0;1;8;5;4;3;1;2;2;3; ;100;1;1;2
2023;7;15244;42;11;21809;2;2;1;1;20230630;1; ;2;     .;4;2;0;1;0;1;0;1;8;6;4;4;3;2;2;3; ;100;1;1;2
2023;7;15244;54;11;21809;2;2;1;1;20230629;1; ;2;     .;4;3;0;1;0;1;0;1;8;6;4;1;0;2;2;3; ;150;1;1;2
2023;7;15244;66;11;21809;2;2;1;1;20230716;1; ;2;     .;4;3;0;1;0;1;0;1;8;5;4;3;1;2;2;6; ;300; ; ;2
2023;7;15244;78;11;21809;2;2;1;1;20230702;1; ;2;     .;4;2;0;1;0;1;0;1;8;5;4;3;2;2;2;3; ;50;1;2;2
2023;7;15259;4;11;20801;2;4;4;1;20230720;7; ; ;     .; ; ; ; ; ; ; ; ; ; ; ; ; ; ; ; ; ; ; ; ; 
2023;7;15259;5;11;20801;2;4;4;1;20230721;1; ;2;     .;4;3;0;1;0;1;0;1;8;5;6;4;3;2;2;3; ;100;2; ;2
2023;7;15259;9;11;20801;2;4;4;1;20230721;1; ;2;     .;3;1;0;1;0;1;0;1;1;5;4;3;2;2;2;3; ;200;2; ;2
2023;7;15259;14;11;20801;2;4;4;1;20230720;7; ; ;     .; ; ; ; ; ; ; ; ; ; ; ; ; ; ; ; ; ; ; ; ; 
2023;7;15259;19;11;20801;2;4;4;1;20230722;1; ;2;     .;1;1;0;1;0;0;0;1;1;5;1;2;1;1;1;2; ;80;1;1;2
2023;7;15259;23;11;20801;2;4;4;1;20230722;2; ;2;     .;3;3;0;1;0;1;0;1;1;6;1;2;2;1;1;2; ;150;1;1;2
2023;7;15259;24;11;20801;2;4;4;1;20230722;1; ;2;     .;1;1;0;1;0;1;0;1;1;5;1;4;3;1;1;2; ;200;1;1;2
2023;7;15259;28;11;20801;2;4;4;1;20230721;7; ; ;     .; ; ; ; ; ; ; ; ; ; ; ; ; ; ; ; ; ; ; ; ; 
2023;7;15259;33;11;20801;2;4;4;1;20230720;5; ; ;     .; ; ; ; ; ; ; ; ; ; ; ; ; ; ; ; ; ; ; ; ; 
2023;7;15259;38;11;20801;2;4;4;1;20230720;5; ; ;     .; ; ; ; ; ; ; ; ; ; ; ; ; ; ; ; ; ; ; ; ; 
2023;7;15259;42;11;20801;2;4;4;1;20230722;1; ;2;     .;4;1;0;1;0;0;0;1;8;6;4;1;0;2;2;3; ;100;2; ;2
2023;7;15280;9;11;21503;5;8;2;5;20230709;1; ;2;     .;3;3;0;0;0;1;0;1;4;6;4;2;1;2;2;2; ;50;2; ;2
2023;7;15280;10;11;21503;5;8;2;5;20230706;1; ;2;     .;3;3;0;0;0;0;1;1;4;6;4;1;0;2;2;2; ;30;2; ;2
2023;7;15280;11;11;21503;5;8;2;5;20230706;5; ; ;     .; ; ; ; ; ; ; ; ; ; ; ; ; ; ; ; ; ; ; ; ; 
2023;7;15280;12;11;21503;5;8;2;5;20230706;7; ; ;     .; ; ; ; ; ; ; ; ; ; ; ; ; ; ; ; ; ; ; ; ; 
2023;7;15280;29;11;21503;5;8;2;5;20230708;1; ;2;     .;3;3;0;0;0;1;0;1;3;6;4;1;0;2;2;6; ;30; ; ;2
2023;7;15280;30;11;21503;5;8;2;5;20230709;1; ;2;     .;3;3;0;0;0;1;0;1;3;6;4;3;0;2;2;2; ;50;2; ;2
2023;7;15280;31;11;21503;5;8;2;5;20230708;1; ;2;     .;3;3;0;0;0;0;1;1;3;6;4;3;0;2;2;2; ;50;2; ;2
2023;7;15280;32;11;21503;5;8;2;5;20230708;1; ;2;     .;3;3;0;0;0;0;1;1;3;6;4;2;1;2;2;2; ;50;2; ;2
2023;7;15280;33;11;21503;5;8;2;5;20230707;1; ;2;     .;3;3;0;0;0;1;0;1;3;6;4;2;0;2;2;6; ;100; ; ;2
2023;7;15280;34;11;21503;5;8;2;5;20230708;1; ;2;     .;3;3;0;0;0;0;1;1;3;6;4;3;0;2;2;6; ;50; ; ;2
2023;7;15299;4;11;20105;5;2;1;3;20230709;2;1;2;     .;3;3;0;0;0;0;1;1;3;6;4;4;2;2;2;6; ;150; ; ;2
2023;7;15299;31;11;20105;5;2;1;3;20230709;1;1;2;     .;3;3;0;1;0;1;0;1;3;6;4;1;1;2;2;2; ;50;2; ;2
2023;7;15299;45;11;20105;5;2;1;3;20230709;2;1;2;     .;3;3;0;1;0;1;0;1;3;5;3;5;2;2;2;2; ;400;2; ;2
2023;7;15299;59;11;20105;5;2;1;3;20230707;1;1;2;     .;3;2;0;1;0;1;0;1;3;5;4;1;0;2;2;2; ;100;2; ;2
2023;7;15299;73;11;20105;5;2;1;3;20230708;1;1;1;20101;3;2;0;1;0;1;0;1;3;6;4;4;0;2;2;2; ;100;2; ;2
2023;7;15299;87;11;20105;5;2;1;3;20230710;2;1;2;     .;1;3;0;1;0;1;0;1;1;3;1;13;10;2;1;2; ;1000;1;1;2
2023;7;15317;4;11;21001;5;5;3;1;20230720;7; ; ;     .; ; ; ; ; ; ; ; ; ; ; ; ; ; ; ; ; ; ; ; ; 
2023;7;15317;18;11;21001;5;5;3;1;20230721;4; ; ;     .; ; ; ; ; ; ; ; ; ; ; ; ; ; ; ; ; ; ; ; ; 
2023;7;15317;34;11;21001;5;5;3;1;20230722;1; ;2;     .;3;3;0;0;0;1;0;1;3;5;4;3;2;2;2;2; ;300;1;1;2
2023;7;15317;49;11;21001;5;5;3;1;20230722;2; ;2;     .;3;2;0;0;0;1;0;1;4;6;4;2;1;3;3;2; ;120;1;1;2
2023;7;15317;65;11;21001;5;5;3;1;20230720;7; ; ;     .; ; ; ; ; ; ; ; ; ; ; ; ; ; ; ; ; ; ; ; ; 
2023;7;15317;81;11;21001;5;5;3;1;20230723;1; ;1;150135;1;1;1;0;1;1;0;1;1;3;1;4;2;1;1;2; ;1500;1;1;2
2023;7;15317;97;11;21001;5;5;3;1;20230723;1; ;1;150115;3;1;1;0;0;1;0;1;4;5;3;2;2;2;2;1;150; ; ; ;2
2023;7;15317;112;11;21001;5;5;3;1;20230722;1; ;1;21301;3;2;1;0;1;1;0;2;4;5;3;1;1;1;2;6; ;80; ; ;2
2023;7;15320;81;11;22005;2;7;2;5;20230715;1; ;2;     .;3;3;0;0;0;1;0;1;3;6;4;4;1;2;2;2; ;30;2; ;2
2023;7;15320;82;11;22005;2;7;2;5;20230714;1; ;2;     .;3;3;0;0;0;1;0;1;3;6;4;5;2;2;2;2; ;50;2; ;2
2023;7;15320;83;11;22005;2;7;2;5;20230712;1; ;2;     .;3;3;0;0;0;1;0;1;3;6;4;7;2;2;2;2; ;350;2; ;2
2023;7;15320;84;11;22005;2;7;2;5;20230712;1; ;2;     .;3;3;0;0;0;1;0;1;3;6;4;2;1;2;2;2; ;20;2; ;2
2023;7;15320;197;11;22005;2;7;2;5;20230724;1; ;2;     .;3;3;0;1;0;0;0;1;3;6;4;4;1;2;2;2; ;80;2; ;2
2023;7;15320;198;11;22005;2;7;2;5;20230713;7; ; ;     .; ; ; ; ; ; ; ; ; ; ; ; ; ; ; ; ; ; ; ; ; 
2023;7;15320;199;11;22005;2;7;2;5;20230714;1; ;2;     .;3;3;0;0;0;0;1;1;3;6;4;4;1;2;2;2; ;50;2; ;2
2023;7;15320;200;11;22005;2;7;2;5;20230719;1; ;2;     .;3;3;0;0;0;0;1;1;3;6;4;2;0;2;2;2; ;40;2; ;2
2023;7;15320;201;11;22005;2;7;2;5;20230714;1; ;2;     .;3;3;0;0;0;0;1;1;3;6;4;3;2;2;2;2; ;50;2; ;2
2023;7;15353;101;11;22008;5;7;1;5;20230706;5; ; ;     .; ; ; ; ; ; ; ; ; ; ; ; ; ; ; ; ; ; ; ; ; 
2023;7;15353;102;11;22008;5;7;1;5;20230706;1; ;1;150125;3;3;0;1;0;1;0;1;4;6;3;7;2;2;2;2; ;100;2; ;2
2023;7;15353;103;11;22008;5;7;1;5;20230706;7; ; ;     .; ; ; ; ; ; ; ; ; ; ; ; ; ; ; ; ; ; ; ; ; 
2023;7;15353;104;11;22008;5;7;1;5;20230706;7; ; ;     .; ; ; ; ; ; ; ; ; ; ; ; ; ; ; ; ; ; ; ; ; 
2023;7;15353;234;11;22008;5;7;1;5;20230709;1; ;2;     .;3;3;0;1;0;1;0;1;3;5;3;6;3;2;2;2; ;150;2; ;2
2023;7;15353;235;11;22008;5;7;1;5;20230708;7; ; ;     .; ; ; ; ; ; ; ; ; ; ; ; ; ; ; ; ; ; ; ; ; 
2023;7;15353;236;11;22008;5;7;1;5;20230713;1; ;1;20105;3;3;0;0;0;0;1;1;3;6;4;4;2;2;2;2; ;80;2; ;2
2023;7;15353;237;11;22008;5;7;1;5;20230707;1; ;2;     .;2;3;0;1;0;1;0;1;3;5;4;7;3;2;2;2; ;120;2; ;2
2023;7;15353;238;11;22008;5;7;1;5;20230709;1; ;2;     .;3;3;0;1;0;1;0;1;3;5;4;7;2;2;2;2; ;60;2; ;2
2023;7;15353;239;11;22008;5;7;1;5;20230708;1; ;2;     .;3;3;0;1;0;1;0;1;4;5;3;4;1;2;2;2; ;60;2; ;2
2023;7;15353;240;11;22008;5;7;1;5;20230709;1; ;2;     .;3;3;0;1;0;1;0;1;3;5;3;5;1;2;2;2; ;150;2; ;2
2023;7;15353;241;11;22008;5;7;1;5;20230707;1; ;2;     .;2;3;0;0;0;0;1;1;3;5;3;9;4;2;2;2; ;130;2; ;2
2023;7;15353;242;11;22008;5;7;1;5;20230708;5; ; ;     .; ; ; ; ; ; ; ; ; ; ; ; ; ; ; ; ; ; ; ; ; 
2023;7;15353;243;11;22008;5;7;1;5;20230708;5; ; ;     .; ; ; ; ; ; ; ; ; ; ; ; ; ; ; ; ; ; ; ; ; 
2023;7;15353;244;11;22008;5;7;1;5;20230708;7; ; ;     .; ; ; ; ; ; ; ; ; ; ; ; ; ; ; ; ; ; ; ; ; 
2023;7;15366;13;11;21004;5;7;1;5;20230705;7; ; ;     .; ; ; ; ; ; ; ; ; ; ; ; ; ; ; ; ; ; ; ; ; 
2023;7;15366;14;11;21004;5;7;1;5;20230705;7; ; ;     .; ; ; ; ; ; ; ; ; ; ; ; ; ; ; ; ; ; ; ; ; 
2023;7;15366;15;11;21004;5;7;1;5;20230706;1; ;1;21001;3;3;0;0;0;0;1;1;4;6;3;4;1;2;2;2; ;120;2; ;2
2023;7;15366;16;11;21004;5;7;1;5;20230706;1; ;2;     .;3;3;0;0;0;0;1;1;4;6;3;2;0;2;2;2; ;40;2; ;2
2023;7;15366;116;11;21004;5;7;1;5;20230709;1; ;2;     .;3;3;0;1;0;0;0;1;4;6;3;3;0;2;2;2; ;100;2; ;2
2023;7;15366;117;11;21004;5;7;1;5;20230708;1; ;2;     .;3;3;0;0;0;0;1;1;4;6;3;4;0;2;2;2; ;80;2; ;2
2023;7;15366;118;11;21004;5;7;1;5;20230707;7; ; ;     .; ; ; ; ; ; ; ; ; ; ; ; ; ; ; ; ; ; ; ; ; 
2023;7;15366;119;11;21004;5;7;1;5;20230707;7; ; ;     .; ; ; ; ; ; ; ; ; ; ; ; ; ; ; ; ; ; ; ; ; 
2023;7;15366;120;11;21004;5;7;1;5;20230707;1; ;2;     .;3;3;0;0;0;0;1;1;4;6;3;2;0;2;2;2; ;40;2; ;2
2023;7;15366;121;11;21004;5;7;1;5;20230706;7; ; ;     .; ; ; ; ; ; ; ; ; ; ; ; ; ; ; ; ; ; ; ; ; 
2023;7;15366;122;11;21004;5;7;1;5;20230707;1; ;2;     .;3;3;0;0;0;0;1;1;4;6;4;1;0;2;2;2; ;100;2; ;2
2023;7;15366;123;11;21004;5;7;1;5;20230708;1; ;2;     .;3;3;0;0;0;0;1;1;4;6;3;4;1;2;2;2; ;80;2; ;2
2023;7;15366;124;11;21004;5;7;1;5;20230707;1; ;2;     .;3;3;0;0;0;0;1;1;4;6;3;6;3;2;2;2; ;60;2; ;2
2023;7;15373;46;11;20509;5;8;4;3;20230725;1;1;2;     .;3;3;0;0;0;0;1;1;4;6;3;1;1;2;2;2; ;10;1;2;2
2023;7;15373;47;11;20509;5;8;4;3;20230730;1;1;1;20501;3;3;0;0;0;1;0;1;3;5;3;4;2;2;2;2; ;50;2; ;2
2023;7;15373;48;11;20509;5;8;4;3;20230801;1;1;2;     .;3;3;0;0;0;0;1;1;3;6;4;3;1;2;2;2; ;50;2; ;2
2023;7;15373;51;11;20509;5;8;4;3;20230727;1;1;2;     .;3;3;0;0;0;0;1;1;4;6;4;1;0;2;2;6; ;30; ; ;2
2023;7;15373;54;11;20509;5;8;4;3;20230726;1;1;2;     .;3;3;0;0;0;0;1;1;4;6;4;2;1;2;2;2; ;40;2; ;2
2023;7;15373;55;11;20509;5;8;4;3;20230731;1;1;2;     .;3;3;0;0;0;0;1;1;4;6;3;2;1;2;2;2; ;80;2; ;2
2023;7;15373;57;11;20509;5;8;4;3;20230731;1;1;1;20509;2;1;0;1;0;1;0;1;3;5;4;5;2;2;2;2; ;150;2; ;2
2023;7;15373;58;11;20509;5;8;4;3;20230726;1;1;2;     .;3;3;0;1;0;1;0;1;4;6;4;2;1;2;2;6; ;80; ; ;2
2023;7;15379;9;11;21707;5;8;3;3;20230720;1;1;2;     .;3;3;0;0;0;0;1;1;3;6;4;2;1;2;2;2; ;60;2; ;2
2023;7;15379;11;11;21707;5;8;3;3;20230731;4; ; ;     .; ; ; ; ; ; ; ; ; ; ; ; ; ; ; ; ; ; ; ; ; 
2023;7;15379;14;11;21707;5;8;3;3;20230724;1;1;1;21707;3;3;0;1;0;0;0;1;3;5;4;4;1;2;2;2; ;100;2; ;2
2023;7;15379;17;11;21707;5;8;3;3;20230720;7; ; ;     .; ; ; ; ; ; ; ; ; ; ; ; ; ; ; ; ; ; ; ; ; 
2023;7;15379;22;11;21707;5;8;3;3;20230723;1;1;1;150201;3;3;0;1;0;0;0;1;3;6;4;4;4;2;2;2; ;120;2; ;2
2023;7;15379;25;11;21707;5;8;3;3;20230722;1;1;1;21707;3;3;0;0;0;0;1;1;6;6;4;2;2;2;2;2; ;30;2; ;2
2023;7;15379;27;11;21707;5;8;3;3;20230724;1;1;1;21707;3;3;0;1;0;0;0;1;4;6;4;2;1;2;2;6; ;50; ; ;2
2023;7;15379;29;11;21707;5;8;3;3;20230722;1;1;1;20105;3;3;0;0;0;0;1;1;4;6;7;4;1;2;2;2; ;60;2; ;2
2023;7;15386;9;11;21301;5;6;4;4;20230727;1; ;1;21301;3;2;0;1;0;1;0;1;3;5;3;4;2;3;3;2; ;600;1;1;2
2023;7;15386;18;11;21301;5;6;4;4;20230727;1; ;1;150110;3;1;0;1;0;1;0;1;4;6;3;4;2;2;2;2; ;150;1;1;2
2023;7;15386;27;11;21301;5;6;4;4;20230727;1; ;1;22003;3;3;0;1;0;1;0;4;3;4;3;5;3;1;2;2; ;200;1;1;2
2023;7;15386;37;11;21301;5;6;4;4;20230726;1; ;2;     .;3;3;0;1;0;1;0;1;3;6;3;6;2;2;2;6; ;150; ; ;2
2023;7;15386;46;11;21301;5;6;4;4;20230727;1; ;2;     .;1;3;0;1;0;1;0;1;3;6;4;1;0;3;3;1;200; ; ; ;2
2023;7;15386;55;11;21301;5;6;4;4;20230727;7; ; ;     .; ; ; ; ; ; ; ; ; ; ; ; ; ; ; ; ; ; ; ; ; 
2023;7;15386;64;11;21301;5;6;4;4;20230725;5; ; ;     .; ; ; ; ; ; ; ; ; ; ; ; ; ; ; ; ; ; ; ; ; 
2023;7;15386;73;11;21301;5;6;4;4;20230729;4; ; ;     .; ; ; ; ; ; ; ; ; ; ; ; ; ; ; ; ; ; ; ; ; 
2023;7;15386;82;11;21301;5;6;4;4;20230726;1; ;1;21304;3;3;0;1;0;0;0;1;3;6;3;7;3;1;2;2; ;350;2; ;2
2023;7;15386;92;11;21301;5;6;4;4;20230727;1; ;2;     .;1;2;0;1;1;1;0;1;1;3;1;6;3;1;2;2; ;450;1;1;2
2023;7;15409;12;11;30109;6;3;1;1;20230707;1; ;2;     .;2;2;1;0;0;1;0;1;1;5;1;4;2;2;2;6; ;150; ; ;2
2023;7;15409;37;11;30109;6;3;1;1;20230707;1; ;2;     .;3;3;0;1;0;1;0;1;1;6;4;2;0;2;2;2; ;150;3; ;2
2023;7;15409;85;11;30109;6;3;1;1;20230708;1; ;2;     .;2;2;1;0;1;1;0;4;1;5;1;1;1;2;2;1;120; ; ; ;2
2023;7;15409;110;11;30109;6;3;1;1;20230710;1; ;2;     .;3;3;1;0;1;1;0;1;1;5;1;4;3;2;1;2; ;500;1;1;2
2023;7;15409;134;11;30109;6;3;1;1;20230709;1; ;1;80104;1;1;1;0;1;1;0;1;1;3;1;2;2;1;2;2; ;300;1;1;2
2023;7;15409;159;11;30109;6;3;1;1;20230709;1; ;2;     .;2;3;0;1;0;1;0;4;1;5;1;1;0;2;2;6; ;150; ; ;2
2023;7;15425;14;11;30104;6;5;4;1;20230729;1; ;1;80108;2;3;1;0;1;1;0;1;3;4;3;6;5;1;2;2; ;180;1;1;2
2023;7;15425;30;11;30104;6;5;4;1;20230727;1; ;2;     .;3;3;1;0;1;1;0;1;1;5;1;4;2;1;1;2; ;1000;1;1;2
2023;7;15425;46;11;30104;6;5;4;1;20230728;1; ;2;     .;3;3;1;0;1;1;0;1;1;5;1;2;2;1;2;2; ;200;1;2;2
2023;7;15425;63;11;30104;6;5;4;1;20230728;1; ;2;     .;3;3;1;0;1;1;0;1;3;4;3;2;2;2;2;1;200; ; ; ;2
2023;7;15425;79;11;30104;6;5;4;1;20230726;7; ; ;     .; ; ; ; ; ; ; ; ; ; ; ; ; ; ; ; ; ; ; ; ; 
2023;7;15425;80;11;30104;6;5;4;1;20230727;1; ;2;     .;3;3;1;0;1;1;0;1;3;6;4;2;1;2;2;2; ;250;1;1;2
2023;7;15425;95;11;30104;6;5;4;1;20230726;7; ; ;     .; ; ; ; ; ; ; ; ; ; ; ; ; ; ; ; ; ; ; ; ; 
2023;7;15425;111;11;30104;6;5;4;1;20230726;7; ; ;     .; ; ; ; ; ; ; ; ; ; ; ; ; ; ; ; ; ; ; ; ; 
2023;7;15425;126;11;30104;6;5;4;1;20230726;7; ; ;     .; ; ; ; ; ; ; ; ; ; ; ; ; ; ; ; ; ; ; ; ; 
2023;7;15425;127;11;30104;6;5;4;1;20230726;5; ; ;     .; ; ; ; ; ; ; ; ; ; ; ; ; ; ; ; ; ; ; ; ; 
2023;7;15425;141;11;30104;6;5;4;1;20230728;1; ;2;     .;3;2;0;1;1;1;0;1;1;5;4;3;3;2;2;2; ;300;1;1;2
2023;7;15440;1;11;30201;6;3;2;3;20230713;1;1;2;     .;3;3;0;1;1;1;0;1;1;5;1;3;2;1;2;2; ;250;1;1;2
2023;7;15440;20;11;30201;6;3;2;3;20230713;1;1;2;     .;3;3;0;0;0;1;0;1;3;6;4;4;1;2;2;2; ;120;2; ;2
2023;7;15440;57;11;30201;6;3;2;3;20230714;1;1;2;     .;1;3;0;1;0;1;0;1;1;3;3;5;2;2;2;2; ;500;2; ;2
2023;7;15440;76;11;30201;6;3;2;3;20230713;1;1;2;     .;2;3;0;1;0;1;0;1;4;5;4;4;2;2;2;2; ;250;2; ;2
2023;7;15440;94;11;30201;6;3;2;3;20230714;1;1;1;30101;3;3;0;1;0;1;0;4;3;6;4;3;1;2;2;2; ;150;2; ;2
2023;7;15440;113;11;30201;6;3;2;3;20230716;2;1;2;     .;3;3;0;0;0;1;0;4;3;4;4;2;1;2;2;2; ;200;2; ;2
2023;7;15445;6;11;30201;6;3;2;1;20230713;1; ;2;     .;1;2;1;0;1;1;0;2;1;5;1;1;0;3;3;1;200; ; ; ;2
2023;7;15445;24;11;30201;6;3;2;1;20230715;1; ;2;     .;2;3;1;0;1;1;0;4;1;5;1;2;1;1;1;6; ;160; ; ;2
2023;7;15445;43;11;30201;6;3;2;1;20230714;1; ;2;     .;1;2;1;0;1;1;0;1;1;5;1;3;1;1;1;1;200; ; ; ;2
2023;7;15445;61;11;30201;6;3;2;1;20230714;1; ;2;     .;1;3;1;0;1;1;0;4;1;5;1;4;3;1;2;6; ;500; ; ;2
2023;7;15445;80;11;30201;6;3;2;1;20230713;1; ;2;     .;3;3;1;0;1;1;0;1;3;5;4;2;2;3;3;6; ;200; ; ;2
2023;7;15445;98;11;30201;6;3;2;1;20230712;7; ; ;     .; ; ; ; ; ; ; ; ; ; ; ; ; ; ; ; ; ; ; ; ; 
2023;7;15445;117;11;30201;6;3;2;1;20230714;1; ;2;     .;1;1;1;0;1;1;0;1;1;5;1;6;4;1;2;2; ;1000;2; ;2
2023;7;15484;57;11;30702;6;7;3;5;20230720;1; ;2;     .;3;3;0;1;0;1;0;1;3;6;4;2;0;2;2;2; ;70;2; ;2
2023;7;15484;58;11;30702;6;7;3;5;20230719;1; ;1;30701;3;3;0;1;0;1;0;1;3;6;4;3;1;2;2;2; ;60;2; ;2
2023;7;15484;59;11;30702;6;7;3;5;20230719;1; ;2;     .;3;3;0;1;0;1;0;1;3;6;4;2;1;2;2;2; ;50;2; ;2
2023;7;15484;60;11;30702;6;7;3;5;20230719;1; ;1;30702;3;3;1;0;0;1;0;1;3;6;4;4;2;2;2;2; ;120;2; ;2
2023;7;15484;153;11;30702;6;7;3;5;20230720;1; ;2;     .;3;3;0;1;0;1;0;1;3;4;4;2;1;2;2;2; ;80;2; ;2
2023;7;15484;154;11;30702;6;7;3;5;20230720;1; ;2;     .;3;3;0;1;0;1;0;1;3;6;4;4;2;2;2;2; ;100;2; ;2
2023;7;15484;155;11;30702;6;7;3;5;20230721;1; ;2;     .;3;3;0;1;0;1;0;1;3;4;4;3;2;2;2;2; ;60;2; ;2
2023;7;15484;156;11;30702;6;7;3;5;20230721;1; ;2;     .;2;3;0;0;0;1;0;1;3;4;4;4;0;2;2;2; ;75;2; ;2
2023;7;15500;5;11;30301;6;6;1;3;20230706;1;1;1;80103;3;3;1;0;1;1;0;4;3;6;4;2;0;2;2;1;250; ; ; ;2
2023;7;15500;28;11;30301;6;6;1;3;20230708;1;1;2;     .;3;3;0;1;0;1;0;1;3;4;4;1;1;2;2;2; ;200;1;1;2
2023;7;15500;40;11;30301;6;6;1;3;20230708;1;1;2;     .;3;3;1;0;1;1;0;1;3;6;4;2;1;2;2;6; ;200; ; ;2
2023;7;15500;86;11;30301;6;6;1;3;20230708;1;1;2;     .;3;2;1;0;1;1;0;1;3;4;4;4;3;2;2;2; ;250;1;1;2
2023;7;15500;98;11;30301;6;6;1;3;20230706;1;1;2;     .;3;3;1;0;1;1;0;1;3;4;2;3;2;2;2;2; ;150;1;1;2
2023;7;15500;109;11;30301;6;6;1;3;20230707;1;1;2;     .;3;3;0;1;0;1;0;1;3;6;4;4;2;2;2;2; ;200;1;1;2
2023;7;15500;121;11;30301;6;6;1;3;20230709;1;1;1;30101;3;3;0;1;0;1;0;4;3;4;4;2;1;2;2;2; ;200;1;1;2
2023;7;15500;132;11;30301;6;6;1;3;20230705;1;1;2;     .;3;3;0;1;0;1;0;1;3;4;4;6;2;2;2;2; ;99999;1;1;2
2023;7;15509;49;11;30104;6;7;2;3;20230714;1;1;2;     .;3;3;1;1;0;1;0;1;3;4;3;4;3;2;2;2; ;400;2; ;2
2023;7;15509;51;11;30104;6;7;2;3;20230724;1;1;2;     .;3;3;1;0;0;1;0;1;3;5;3;4;2;2;2;2; ;200;2; ;2
2023;7;15509;52;11;30104;6;7;2;3;20230716;1;1;1;30104;3;2;1;0;1;1;0;1;3;4;3;4;1;2;2;2; ;200;1;1;2
2023;7;15509;139;11;30104;6;7;2;3;20230713;1;1;1;30104;3;3;1;0;0;1;0;1;3;6;3;3;2;2;2;2; ;300;2; ;2
2023;7;15509;140;11;30104;6;7;2;3;20230719;1;1;1;80108;3;3;1;0;0;1;0;1;3;4;3;6;5;2;2;2; ;99999;2; ;2
2023;7;15509;141;11;30104;6;7;2;3;20230716;1;1;2;     .;3;2;1;0;0;1;0;1;3;6;3;3;1;2;2;2; ;150;2; ;2
2023;7;15509;143;11;30104;6;7;2;3;20230715;1;1;2;     .;3;3;1;0;0;1;0;1;1;6;4;2;2;2;2;2; ;100;2; ;2
2023;7;15509;144;11;30104;6;7;2;3;20230714;1;1;1;30101;3;2;0;1;0;1;0;1;3;6;3;3;2;2;2;2; ;180;2; ;2
2023;7;15510;1;11;30301;6;7;4;3;20230726;1;1;2;     .;3;3;0;0;0;0;1;1;3;6;7;2;0;2;2;2; ;30;2; ;2
2023;7;15510;2;11;30301;6;7;4;3;20230727;1;1;1;30301;3;3;0;1;0;1;0;1;3;6;4;4;1;2;2;2; ;80;2; ;2
2023;7;15510;3;11;30301;6;7;4;3;20230727;1;1;1;30301;3;3;0;0;0;0;1;1;3;6;4;2;1;2;2;2; ;100;2; ;2
2023;7;15510;4;11;30301;6;7;4;3;20230726;5;1; ;     .; ; ; ; ; ; ; ; ; ; ; ; ; ; ; ; ; ; ; ; ; 
2023;7;15510;70;11;30301;6;7;4;3;20230728;1;1;1;30301;3;2;0;0;0;0;1;1;3;6;4;6;3;2;2;2; ;300;1;1;2
2023;7;15510;71;11;30301;6;7;4;3;20230730;1;1;1;30101;3;3;0;1;0;1;0;1;3;6;4;5;3;2;2;2; ;50;2; ;2
2023;7;15510;72;11;30301;6;7;4;3;20230726;7;1; ;     .; ; ; ; ; ; ; ; ; ; ; ; ; ; ; ; ; ; ; ; ; 
2023;7;15510;74;11;30301;6;7;4;3;20230726;1;1;2;     .;3;3;0;1;0;1;0;1;3;4;4;5;1;2;2;2; ;250;1;1;2
2023;7;15512;8;11;30609;6;6;2;4;20230712;1; ;1;30609;3;3;0;1;0;1;0;1;3;6;4;2;1;2;2;2; ;80;1;1;2
2023;7;15512;19;11;30609;6;6;2;4;20230713;1; ;2;     .;3;3;0;1;0;1;0;1;3;6;4;3;1;2;2;2; ;90;1;1;2
2023;7;15512;28;11;30609;6;6;2;4;20230714;1; ;2;     .;3;3;1;0;1;1;0;1;1;5;1;4;2;1;1;2; ;200;1;1;2
2023;7;15512;40;11;30609;6;6;2;4;20230712;1; ;2;     .;2;3;0;1;0;1;0;1;3;6;4;2;2;2;2;2; ;150;3; ;2
2023;7;15512;50;11;30609;6;6;2;4;20230713;1; ;2;     .;3;3;0;1;0;1;0;1;4;6;3;1;0;2;2;2; ;40;2; ;2
2023;7;15512;61;11;30609;6;6;2;4;20230715;1; ;1;150143;3;3;1;0;1;1;0;1;3;6;3;4;3;2;2;2; ;160;2; ;2
2023;7;15512;72;11;30609;6;6;2;4;20230715;1; ;1;30201;2;1;1;0;1;1;0;1;3;4;4;2;1;2;2;6; ;300; ; ;2
2023;7;15512;91;11;30609;6;6;2;4;20230713;7; ; ;     .; ; ; ; ; ; ; ; ; ; ; ; ; ; ; ; ; ; ; ; ; 
2023;7;15512;101;11;30609;6;6;2;4;20230713;1; ;2;     .;3;3;0;1;1;1;0;1;3;5;4;8;5;2;2;2; ;250;1;1;2
2023;7;15520;41;11;30605;6;7;1;5;20230706;5; ; ;     .; ; ; ; ; ; ; ; ; ; ; ; ; ; ; ; ; ; ; ; ; 
2023;7;15520;42;11;30605;6;7;1;5;20230708;1; ;2;     .;3;3;0;1;0;0;0;1;3;6;4;4;3;2;2;6; ;80; ; ;2
2023;7;15520;43;11;30605;6;7;1;5;20230709;1; ;2;     .;3;3;0;1;0;1;0;1;3;4;4;5;4;1;2;2; ;100;2; ;2
2023;7;15520;44;11;30605;6;7;1;5;20230708;1; ;2;     .;2;3;0;1;0;0;0;1;3;4;4;5;4;2;2;2; ;150;1;1;2
2023;7;15520;112;11;30605;6;7;1;5;20230707;1; ;2;     .;3;3;0;1;0;0;0;1;3;4;4;4;3;1;2;2; ;80;1;1;2
2023;7;15520;113;11;30605;6;7;1;5;20230705;1; ;2;     .;3;3;0;1;0;0;0;1;3;6;3;3;2;2;2;6; ;150; ; ;2
2023;7;15520;114;11;30605;6;7;1;5;20230709;1; ;2;     .;3;3;0;1;0;0;0;1;3;6;4;7;4;2;2;2; ;210;2; ;2
2023;7;15520;115;11;30605;6;7;1;5;20230706;1; ;2;     .;3;3;0;0;0;0;1;1;3;6;3;4;3;2;2;2; ;80;2; ;2
2023;7;15520;116;11;30605;6;7;1;5;20230706;1; ;2;     .;3;3;0;0;0;0;1;1;3;6;3;3;1;2;2;2; ;90;1;1;2
2023;7;15531;13;11;40104;6;1;2;1;20230712;2; ;2;     .;3;3;1;1;0;1;0;1;1;1;1;8;4;1;1;1;350; ; ; ;2
2023;7;15531;32;11;40104;6;1;2;1;20230722;2; ;2;     .;1;2;1;0;1;1;0;1;1;5;1;5;3;3;3;6; ;400; ; ;2
2023;7;15531;50;11;40104;6;1;2;1;20230710;2; ;2;     .;1;1;1;1;0;1;0;1;1;5;1;5;5;3;3;2; ;200;2; ;2
2023;7;15531;69;11;40104;6;1;2;1;20230722;2; ;2;     .;1;3;1;1;0;1;0;1;1;3;1;5;2;1;1;2; ;600;1;1;2
2023;7;15531;87;11;40104;6;1;2;1;20230723;2; ;1;40103;2;2;1;1;0;1;0;1;1;5;1;7;5;3;2;2; ;200;1;1;2
2023;7;15531;106;11;40104;6;1;2;1;20230705;7; ; ;     .; ; ; ; ; ; ; ; ; ; ; ; ; ; ; ; ; ; ; ; ; 
2023;7;15531;124;11;40104;6;1;2;1;20230729;2; ;2;     .;1;2;1;1;0;1;0;1;1;3;1;6;4;1;1;2; ;99999;1;1;2
2023;7;15538;10;11;40109;6;1;5;1;20230727;1; ;2;     .;2;3;1;0;1;1;0;1;1;2;1;4;3;2;2;1;600; ; ; ;2
2023;7;15538;29;11;40109;6;1;5;1;20230728;1; ;2;     .;1;1;1;0;1;1;0;1;1;1;1;6;4;2;1;2; ;120;1;1;2
2023;7;15538;46;11;40109;6;1;5;1;20230730;2; ;2;     .;1;1;1;0;1;1;0;1;1;2;1;4;3;2;2;2; ;1000;1;1;2
2023;7;15538;62;11;40109;6;1;5;1;20230730;1; ;2;     .;1;1;1;1;0;1;0;4;1;5;1;2;2;1;2;2; ;200;1;1;2
2023;7;15538;78;11;40109;6;1;5;1;20230728;1; ;2;     .;1;1;1;0;1;1;0;1;1;3;1;3;2;1;1;2; ;800;1;1;2
2023;7;15538;96;11;40109;6;1;5;1;20230730;7; ; ;     .; ; ; ; ; ; ; ; ; ; ; ; ; ; ; ; ; ; ; ; ; 
2023;7;15538;97;11;40109;6;1;5;1;20230802;2; ;2;     .;1;1;1;0;1;1;0;1;1;2;1;3;2;3;2;2; ;400;1;1;2
2023;7;15538;113;11;40109;6;1;5;1;20230729;7; ; ;     .; ; ; ; ; ; ; ; ; ; ; ; ; ; ; ; ; ; ; ; ; 
2023;7;15538;129;11;40109;6;1;5;1;20230801;7; ; ;     .; ; ; ; ; ; ; ; ; ; ; ; ; ; ; ; ; ; ; ; ; 
2023;7;15538;147;11;40109;6;1;5;1;20230727;7; ; ;     .; ; ; ; ; ; ; ; ; ; ; ; ; ; ; ; ; ; ; ; ; 
2023;7;15538;163;11;40109;6;1;5;1;20230728;2; ;2;     .;1;1;1;0;1;1;0;1;1;2;1;7;4;1;1;2; ;1000;1;1;2
2023;7;15538;179;11;40109;6;1;5;1;20230802;1; ;2;     .;1;1;1;0;1;1;0;1;1;5;1;4;3;1;3;6; ;1000; ; ;2
2023;7;15550;16;11;40103;6;1;4;1;20230719;7; ; ;     .; ; ; ; ; ; ; ; ; ; ; ; ; ; ; ; ; ; ; ; ; 
2023;7;15550;33;11;40103;6;1;4;1;20230719;2; ;2;     .;1;1;1;0;1;1;0;1;2;2;1;3;2;2;2;2; ;300;1;1;2
2023;7;15550;50;11;40103;6;1;4;1;20230721;1; ;2;     .;1;1;1;0;1;1;0;1;1;3;1;4;2;2;2;2; ;300;1;1;2
2023;7;15550;67;11;40103;6;1;4;1;20230723;1; ;2;     .;1;2;1;0;1;1;0;2;1;5;1;7;4;2;2;2; ;600;1;1;2
2023;7;15550;83;11;40103;6;1;4;1;20230730;3; ; ;     .; ; ; ; ; ; ; ; ; ; ; ; ; ; ; ; ; ; ; ; ; 
2023;7;15550;99;11;40103;6;1;4;1;20230721;2; ;2;     .;3;3;1;0;1;1;0;1;1;5;4;3;3;1;2;6; ;350; ; ;2
2023;7;15550;118;11;40103;6;1;4;1;20230723;2; ;2;     .;2;2;1;0;1;1;0;1;1;5;1;3;2;2;2;2; ;200;2; ;2
2023;7;15567;8;11;40104;6;1;4;1;20230723;2; ;2;     .;3;3;0;1;0;1;0;1;1;5;4;3;3;2;2;2; ;99999;1;1;2
2023;7;15567;31;11;40104;6;1;4;1;20230720;5; ; ;     .; ; ; ; ; ; ; ; ; ; ; ; ; ; ; ; ; ; ; ; ; 
2023;7;15567;32;11;40104;6;1;4;1;20230725;2; ;2;     .;2;3;0;1;0;1;0;1;1;5;1;4;2;2;2;2; ;100;2; ;2
2023;7;15567;40;11;40104;6;1;4;1;20230730;2; ;2;     .;3;3;0;1;0;1;0;1;2;5;4;1;0;2;2;1;100; ; ; ;2
2023;7;15567;51;11;40104;6;1;4;1;20230721;7; ; ;     .; ; ; ; ; ; ; ; ; ; ; ; ; ; ; ; ; ; ; ; ; 
2023;7;15567;72;11;40104;6;1;4;1;20230720;5; ; ;     .; ; ; ; ; ; ; ; ; ; ; ; ; ; ; ; ; ; ; ; ; 
2023;7;15567;92;11;40104;6;1;4;1;20230720;7; ; ;     .; ; ; ; ; ; ; ; ; ; ; ; ; ; ; ; ; ; ; ; ; 
2023;7;15567;109;11;40104;6;1;4;1;20230730;3; ; ;     .; ; ; ; ; ; ; ; ; ; ; ; ; ; ; ; ; ; ; ; ; 
2023;7;15567;131;11;40104;6;1;4;1;20230720;2; ;2;     .;3;3;0;1;0;1;0;1;1;6;4;2;2;2;2;6; ;40; ; ;2
2023;7;15567;151;11;40104;6;1;4;1;20230731;2; ;2;     .;3;3;0;1;0;1;0;1;1;5;4;4;3;2;2;6; ;50; ; ;2
2023;7;15567;170;11;40104;6;1;4;1;20230721;7; ; ;     .; ; ; ; ; ; ; ; ; ; ; ; ; ; ; ; ; ; ; ; ; 
2023;7;15577;11;11;40104;6;1;3;1;20230730;1; ;2;     .;3;3;0;1;0;1;0;1;1;5;4;1;1;2;2;2; ;60;3; ;2
2023;7;15577;23;11;40104;6;1;3;1;20230721;3; ; ;     .; ; ; ; ; ; ; ; ; ; ; ; ; ; ; ; ; ; ; ; ; 
2023;7;15577;36;11;40104;6;1;3;1;20230713;5; ; ;     .; ; ; ; ; ; ; ; ; ; ; ; ; ; ; ; ; ; ; ; ; 
2023;7;15577;37;11;40104;6;1;3;1;20230714;7; ; ;     .; ; ; ; ; ; ; ; ; ; ; ; ; ; ; ; ; ; ; ; ; 
2023;7;15577;49;11;40104;6;1;3;1;20230712;7; ; ;     .; ; ; ; ; ; ; ; ; ; ; ; ; ; ; ; ; ; ; ; ; 
2023;7;15577;50;11;40104;6;1;3;1;20230714;7; ; ;     .; ; ; ; ; ; ; ; ; ; ; ; ; ; ; ; ; ; ; ; ; 
2023;7;15577;60;11;40104;6;1;3;1;20230712;7; ; ;     .; ; ; ; ; ; ; ; ; ; ; ; ; ; ; ; ; ; ; ; ; 
2023;7;15577;61;11;40104;6;1;3;1;20230715;2; ;2;     .;3;3;0;1;0;1;0;1;1;5;4;1;1;2;2;2; ;100;1;1;2
2023;7;15577;72;11;40104;6;1;3;1;20230713;7; ; ;     .; ; ; ; ; ; ; ; ; ; ; ; ; ; ; ; ; ; ; ; ; 
2023;7;15577;84;11;40104;6;1;3;1;20230713;2; ;2;     .;3;3;0;1;0;1;0;1;1;5;4;2;2;2;2;2; ;50;2; ;2
2023;7;15577;96;11;40104;6;1;3;1;20230714;2; ;2;     .;3;2;0;1;0;1;0;1;1;5;4;2;2;2;2;2; ;150;1;2;2
2023;7;15577;108;11;40104;6;1;3;1;20230714;2; ;2;     .;3;3;0;1;0;1;0;1;1;5;4;3;3;2;2;2; ;200;3; ;2
2023;7;15581;1;11;40110;6;1;3;1;20230712;2; ;2;     .;1;2;1;0;1;1;0;1;1;3;1;4;1;2;2;2; ;800;1;1;2
2023;7;15581;20;11;40110;6;1;3;1;20230712;7; ; ;     .; ; ; ; ; ; ; ; ; ; ; ; ; ; ; ; ; ; ; ; ; 
2023;7;15581;39;11;40110;6;1;3;1;20230720;3; ; ;     .; ; ; ; ; ; ; ; ; ; ; ; ; ; ; ; ; ; ; ; ; 
2023;7;15581;58;11;40110;6;1;3;1;20230714;1; ;2;     .;1;1;1;0;1;1;0;1;1;1;1;6;4;1;1;2; ;1500;1;1;2
2023;7;15581;77;11;40110;6;1;3;1;20230719;2; ;2;     .;1;1;1;0;1;1;0;2;1;2;1;4;1;1;1;2; ;1500;1;1;2
2023;7;15581;96;11;40110;6;1;3;1;20230715;1; ;2;     .;1;1;1;0;1;1;0;4;1;5;1;4;2;2;2;2; ;400;1;1;2
2023;7;15581;115;11;40110;6;1;3;1;20230715;2; ;2;     .;1;1;1;0;1;1;0;1;1;1;1;4;3;2;1;2; ;1200;1;1;2
2023;7;15603;10;11;40102;6;1;2;3;20230709;2;1;2;     .;1;1;1;0;1;1;0;1;1;5;1;7;4;2;1;2; ;1500;1;2;2
2023;7;15603;28;11;40102;6;1;2;3;20230722;3; ; ;     .; ; ; ; ; ; ; ; ; ; ; ; ; ; ; ; ; ; ; ; ; 
2023;7;15603;65;11;40102;6;1;2;3;20230708;7; ; ;     .; ; ; ; ; ; ; ; ; ; ; ; ; ; ; ; ; ; ; ; ; 
2023;7;15603;83;11;40102;6;1;2;3;20230722;3; ; ;     .; ; ; ; ; ; ; ; ; ; ; ; ; ; ; ; ; ; ; ; ; 
2023;7;15603;102;11;40102;6;1;2;3;20230708;3; ; ;     .; ; ; ; ; ; ; ; ; ; ; ; ; ; ; ; ; ; ; ; ; 
2023;7;15603;120;11;40102;6;1;2;3;20230725;2;1;2;     .;1;1;1;0;1;1;0;1;1;2;1;6;4;1;3;2; ;1200;1;1;2
2023;7;15603;157;11;40102;6;1;2;3;20230802;7; ; ;     .; ; ; ; ; ; ; ; ; ; ; ; ; ; ; ; ; ; ; ; ; 
2023;7;15603;175;11;40102;6;1;2;3;20230722;3; ; ;     .; ; ; ; ; ; ; ; ; ; ; ; ; ; ; ; ; ; ; ; ; 
2023;7;15613;12;11;40104;6;1;5;3;20230727;7; ; ;     .; ; ; ; ; ; ; ; ; ; ; ; ; ; ; ; ; ; ; ; ; 
2023;7;15613;41;11;40104;6;1;5;3;20230726;2;1;2;     .;1;1;1;0;1;0;0;1;1;3;1;5;3;1;1;2; ;2500;1;1;2
2023;7;15613;80;11;40104;6;1;5;3;20230726;3; ; ;     .; ; ; ; ; ; ; ; ; ; ; ; ; ; ; ; ; ; ; ; ; 
2023;7;15613;92;11;40104;6;1;5;3;20230727;3; ; ;     .; ; ; ; ; ; ; ; ; ; ; ; ; ; ; ; ; ; ; ; ; 
2023;7;15613;105;11;40104;6;1;5;3;20230726;4; ; ;     .; ; ; ; ; ; ; ; ; ; ; ; ; ; ; ; ; ; ; ; ; 
2023;7;15613;116;11;40104;6;1;5;3;20230728;2;1;2;     .;1;1;1;0;1;1;0;2;1;3;1;6;3;1;1;2; ;1500;1;1;2
2023;7;15629;10;11;40112;6;1;4;3;20230722;3; ; ;     .; ; ; ; ; ; ; ; ; ; ; ; ; ; ; ; ; ; ; ; ; 
2023;7;15629;27;11;40112;6;1;4;3;20230730;2;1;2;     .;1;1;1;0;0;0;0;1;1;3;4;6;4;1;1;2; ;2100;1;1;2
2023;7;15629;61;11;40112;6;1;4;3;20230719;2;1;2;     .;1;1;1;0;1;1;0;1;1;2;1;6;4;2;2;2; ;99999;1;1;2
2023;7;15629;78;11;40112;6;1;4;3;20230723;5; ; ;     .; ; ; ; ; ; ; ; ; ; ; ; ; ; ; ; ; ; ; ; ; 
2023;7;15629;94;11;40112;6;1;4;3;20230722;3; ; ;     .; ; ; ; ; ; ; ; ; ; ; ; ; ; ; ; ; ; ; ; ; 
2023;7;15629;111;11;40112;6;1;4;3;20230727;4; ; ;     .; ; ; ; ; ; ; ; ; ; ; ; ; ; ; ; ; ; ; ; ; 
2023;7;15646;4;11;40101;6;1;1;1;20230702;3; ; ;     .; ; ; ; ; ; ; ; ; ; ; ; ; ; ; ; ; ; ; ; ; 
2023;7;15646;15;11;40101;6;1;1;1;20230629;3; ; ;     .; ; ; ; ; ; ; ; ; ; ; ; ; ; ; ; ; ; ; ; ; 
2023;7;15646;26;11;40101;6;1;1;1;20230719;3; ; ;     .; ; ; ; ; ; ; ; ; ; ; ; ; ; ; ; ; ; ; ; ; 
2023;7;15646;37;11;40101;6;1;1;1;20230629;3; ; ;     .; ; ; ; ; ; ; ; ; ; ; ; ; ; ; ; ; ; ; ; ; 
2023;7;15646;47;11;40101;6;1;1;1;20230803;2; ;2;     .;1;1;1;0;0;1;0;1;1;3;4;5;2;1;1;2; ;900;1;1;1
2023;7;15646;59;11;40101;6;1;1;1;20230629;1; ;2;     .;1;1;1;0;1;1;0;1;1;2;1;2;2;1;1;6; ;600; ; ;2
2023;7;15646;69;11;40101;6;1;1;1;20230701;7; ; ;     .; ; ; ; ; ; ; ; ; ; ; ; ; ; ; ; ; ; ; ; ; 
2023;7;15667;17;11;40108;3;4;5;1;20230730;1; ;2;     .;1;1;1;0;1;1;0;1;1;3;1;1;0;3;3;1;250; ; ; ;2
2023;7;15667;33;11;40108;3;4;5;1;20230728;1; ;2;     .;1;3;0;1;0;0;0;1;1;4;4;2;1;3;3;1;150; ; ; ;2
2023;7;15667;48;11;40108;3;4;5;1;20230731;2; ;2;     .;1;1;1;0;0;1;0;1;1;5;1;5;4;2;2;6; ;500; ; ;2
2023;7;15667;62;11;40108;3;4;5;1;20230727;1; ;2;     .;1;1;1;0;1;1;0;1;1;5;1;3;2;2;2;2; ;200;1;1;2
2023;7;15667;77;11;40108;3;4;5;1;20230727;1; ;2;     .;1;3;1;0;1;1;0;1;1;5;4;1;1;2;2;2; ;300;1;1;2
2023;7;15667;93;11;40108;3;4;5;1;20230726;7; ; ;     .; ; ; ; ; ; ; ; ; ; ; ; ; ; ; ; ; ; ; ; ; 
2023;7;15667;108;11;40108;3;4;5;1;20230728;1; ;2;     .;1;1;1;0;1;1;0;1;1;5;1;4;2;2;2;2; ;99999;1;1;2
2023;7;15701;8;11;40702;3;5;2;1;20230709;2; ;1;40101;1;1;1;0;1;1;0;1;9;5;5;6;4;2;2;1;150; ; ; ;2
2023;7;15701;17;11;40702;3;5;2;1;20230709;1; ;2;     .;1;1;1;0;1;1;0;1;1;3;1;4;3;1;2;2; ;700;1;1;2
2023;7;15701;28;11;40702;3;5;2;1;20230707;5; ; ;     .; ; ; ; ; ; ; ; ; ; ; ; ; ; ; ; ; ; ; ; ; 
2023;7;15701;29;11;40702;3;5;2;1;20230709;1; ;2;     .;1;1;0;1;0;1;0;1;1;5;1;3;3;2;2;1;300; ; ; ;2
2023;7;15701;36;11;40702;3;5;2;1;20230706;5; ; ;     .; ; ; ; ; ; ; ; ; ; ; ; ; ; ; ; ; ; ; ; ; 
2023;7;15701;47;11;40702;3;5;2;1;20230709;1; ;2;     .;1;1;1;0;1;1;0;1;1;3;1;1;1;1;2;2; ;400;1;1;2
2023;7;15701;57;11;40702;3;5;2;1;20230707;5; ; ;     .; ; ; ; ; ; ; ; ; ; ; ; ; ; ; ; ; ; ; ; ; 
2023;7;15701;58;11;40702;3;5;2;1;20230708;2; ;2;     .;1;1;1;0;1;1;0;1;3;7;5;3;1;2;2;2; ;100;2; ;2
2023;7;15701;67;11;40702;3;5;2;1;20230708;7; ; ;     .; ; ; ; ; ; ; ; ; ; ; ; ; ; ; ; ; ; ; ; ; 
2023;7;15701;74;11;40702;3;5;2;1;20230707;7; ; ;     .; ; ; ; ; ; ; ; ; ; ; ; ; ; ; ; ; ; ; ; ; 
2023;7;15701;83;11;40702;3;5;2;1;20230708;1; ;2;     .;4;3;0;1;0;1;0;1;8;5;4;1;1;2;2;2; ;200;2; ;2
2023;7;15707;3;11;40520;3;4;5;1;20230727;1; ;2;     .;3;3;0;1;0;0;0;1;1;5;4;1;1;2;2;5; ;50; ; ;2
2023;7;15707;7;11;40520;3;4;5;1;20230728;2; ;2;     .;3;3;0;1;0;0;0;1;1;5;4;2;2;2;2;2; ;100;2; ;2
2023;7;15707;10;11;40520;3;4;5;1;20230729;1; ;2;     .;4;3;0;1;0;0;0;1;1;5;4;2;1;2;2;2; ;100;2; ;2
2023;7;15707;19;11;40520;3;4;5;1;20230730;1; ;2;     .;3;3;0;1;0;0;0;1;1;5;4;2;2;2;2;2; ;30;2; ;2
2023;7;15707;23;11;40520;3;4;5;1;20230726;7; ; ;     .; ; ; ; ; ; ; ; ; ; ; ; ; ; ; ; ; ; ; ; ; 
2023;7;15707;25;11;40520;3;4;5;1;20230731;4; ; ;     .; ; ; ; ; ; ; ; ; ; ; ; ; ; ; ; ; ; ; ; ; 
2023;7;15707;30;11;40520;3;4;5;1;20230727;7; ; ;     .; ; ; ; ; ; ; ; ; ; ; ; ; ; ; ; ; ; ; ; ; 
2023;7;15707;34;11;40520;3;4;5;1;20230728;7; ; ;     .; ; ; ; ; ; ; ; ; ; ; ; ; ; ; ; ; ; ; ; ; 
2023;7;15707;35;11;40520;3;4;5;1;20230729;2; ;2;     .;3;3;0;1;0;0;0;1;1;5;4;2;2;2;2;2; ;800;2; ;2
2023;7;15707;39;11;40520;3;4;5;1;20230728;5; ; ;     .; ; ; ; ; ; ; ; ; ; ; ; ; ; ; ; ; ; ; ; ; 
2023;7;15717;5;11;40128;6;4;3;1;20230712;5; ; ;     .; ; ; ; ; ; ; ; ; ; ; ; ; ; ; ; ; ; ; ; ; 
2023;7;15717;17;11;40128;6;4;3;1;20230715;2; ;2;     .;3;3;0;1;0;1;0;1;1;6;4;1;1;2;2;2; ;99999;1;1;2
2023;7;15717;31;11;40128;6;4;3;1;20230712;7; ; ;     .; ; ; ; ; ; ; ; ; ; ; ; ; ; ; ; ; ; ; ; ; 
2023;7;15717;32;11;40128;6;4;3;1;20230713;5; ; ;     .; ; ; ; ; ; ; ; ; ; ; ; ; ; ; ; ; ; ; ; ; 
2023;7;15717;40;11;40128;6;4;3;1;20230712;5; ; ;     .; ; ; ; ; ; ; ; ; ; ; ; ; ; ; ; ; ; ; ; ; 
2023;7;15717;51;11;40128;6;4;3;1;20230714;1; ;2;     .;1;1;0;1;0;1;0;1;1;3;1;5;3;2;2;2; ;350;1;1;2
2023;7;15717;65;11;40128;6;4;3;1;20230714;2; ;2;     .;3;3;0;1;0;1;0;1;1;5;4;1;1;2;2;1;100; ; ; ;2
2023;7;15717;75;11;40128;6;4;3;1;20230715;1; ;2;     .;1;2;0;1;0;1;0;1;1;5;1;3;2;1;1;6; ;250; ; ;2
2023;7;15717;86;11;40128;6;4;3;1;20230712;7; ; ;     .; ; ; ; ; ; ; ; ; ; ; ; ; ; ; ; ; ; ; ; ; 
2023;7;15717;87;11;40128;6;4;3;1;20230715;2; ;2;     .;3;3;0;1;0;1;0;1;1;5;1;1;1;1;1;6; ;350; ; ;2
2023;7;15717;98;11;40128;6;4;3;1;20230714;1; ;2;     .;1;3;0;1;0;1;0;1;1;5;1;3;2;2;2;2; ;200;2; ;2
2023;7;15733;11;11;40128;6;4;2;3;20230709;1;1;2;     .;3;1;0;1;0;0;0;1;1;5;4;1;0;2;2;2; ;50;2; ;2
2023;7;15733;15;11;40128;6;4;2;3;20230712;2;1;2;     .;3;1;0;1;0;0;0;1;1;5;4;2;2;2;2;2; ;100;2; ;2
2023;7;15733;20;11;40128;6;4;2;3;20230706;7; ; ;     .; ; ; ; ; ; ; ; ; ; ; ; ; ; ; ; ; ; ; ; ; 
2023;7;15733;25;11;40128;6;4;2;3;20230706;3; ; ;     .; ; ; ; ; ; ; ; ; ; ; ; ; ; ; ; ; ; ; ; ; 
2023;7;15733;28;11;40128;6;4;2;3;20230710;2;1;2;     .;3;3;0;1;0;0;0;1;1;5;4;1;0;2;2;6; ;70; ; ;2
2023;7;15733;34;11;40128;6;4;2;3;20230708;5; ; ;     .; ; ; ; ; ; ; ; ; ; ; ; ; ; ; ; ; ; ; ; ; 
2023;7;15743;9;11;40108;3;7;4;5;20230723;1; ;2;     .;3;3;0;1;0;0;0;1;1;5;4;5;3;2;2;2; ;100;1;1;2
2023;7;15743;10;11;40108;3;7;4;5;20230722;1; ;2;     .;4;2;0;1;0;0;0;1;1;5;4;2;2;2;2;2; ;70;2; ;2
2023;7;15743;11;11;40108;3;7;4;5;20230723;1; ;2;     .;1;3;0;1;0;0;0;1;1;5;4;2;1;2;2;2; ;100;2; ;2
2023;7;15743;12;11;40108;3;7;4;5;20230723;1; ;2;     .;4;1;0;1;0;0;0;1;8;5;6;4;3;2;2;2; ;100;2; ;2
2023;7;15743;80;11;40108;3;7;4;5;20230726;2; ;1;40109;1;1;0;1;0;0;0;1;1;5;1;5;3;3;2;2; ;100;2; ;2
2023;7;15743;81;11;40108;3;7;4;5;20230722;5; ; ;     .; ; ; ; ; ; ; ; ; ; ; ; ; ; ; ; ; ; ; ; ; 
2023;7;15743;82;11;40108;3;7;4;5;20230726;1; ;2;     .;1;1;0;1;0;0;0;1;1;5;4;3;2;2;2;2; ;50;2; ;2
2023;7;15743;83;11;40108;3;7;4;5;20230723;1; ;2;     .;2;2;0;1;0;0;0;1;1;5;4;1;1;1;2;6; ;800; ; ;2
2023;7;15743;84;11;40108;3;7;4;5;20230721;1; ;2;     .;1;1;0;1;0;0;0;1;7;5;4;2;0;3;3;6; ;100; ; ;2
2023;7;15760;69;11;40603;6;7;2;5;20230708;1; ;2;     .;2;2;0;1;0;0;0;1;3;4;4;3;2;1;2;2; ;30;2; ;2
2023;7;15760;70;11;40603;6;7;2;5;20230706;1; ;2;     .;2;2;0;1;0;0;0;1;3;5;4;2;2;1;2;2; ;50;2; ;2
2023;7;15760;71;11;40603;6;7;2;5;20230708;1; ;2;     .;2;2;0;0;0;1;0;1;3;5;4;4;2;2;1;2; ;70;2; ;2
2023;7;15760;72;11;40603;6;7;2;5;20230706;7; ; ;     .; ; ; ; ; ; ; ; ; ; ; ; ; ; ; ; ; ; ; ; ; 
2023;7;15760;149;11;40603;6;7;2;5;20230709;1; ;2;     .;3;3;0;0;0;0;1;1;3;6;4;1;0;2;2;2; ;40;2; ;2
2023;7;15760;150;11;40603;6;7;2;5;20230707;7; ; ;     .; ; ; ; ; ; ; ; ; ; ; ; ; ; ; ; ; ; ; ; ; 
2023;7;15760;151;11;40603;6;7;2;5;20230705;1; ;2;     .;3;3;0;0;0;0;1;1;3;5;4;2;1;2;2;2; ;70;2; ;2
2023;7;15760;152;11;40603;6;7;2;5;20230705;1; ;2;     .;2;2;0;1;0;0;0;1;3;6;4;3;2;1;2;2; ;80;2; ;2
2023;7;15760;153;11;40603;6;7;2;5;20230708;1; ;2;     .;2;2;0;1;0;0;0;1;3;6;4;3;2;1;2;2; ;20;2; ;2
2023;7;15760;154;11;40603;6;7;2;5;20230705;7; ; ;     .; ; ; ; ; ; ; ; ; ; ; ; ; ; ; ; ; ; ; ; ; 
2023;7;15760;155;11;40603;6;7;2;5;20230705;1; ;2;     .;2;2;0;0;0;0;1;1;3;5;4;1;1;2;1;2; ;60;2; ;2
2023;7;15760;156;11;40603;6;7;2;5;20230705;5; ; ;     .; ; ; ; ; ; ; ; ; ; ; ; ; ; ; ; ; ; ; ; ; 
2023;7;15783;1;11;50116;5;2;4;1;20230726;7; ; ;     .; ; ; ; ; ; ; ; ; ; ; ; ; ; ; ; ; ; ; ; ; 
2023;7;15783;13;11;50116;5;2;4;1;20230730;7; ; ;     .; ; ; ; ; ; ; ; ; ; ; ; ; ; ; ; ; ; ; ; ; 
2023;7;15783;24;11;50116;5;2;4;1;20230731;2; ;2;     .;2;3;1;0;1;1;0;4;1;5;1;1;0;3;3;1;100; ; ; ;2
2023;7;15783;36;11;50116;5;2;4;1;20230801;1; ;2;     .;1;3;0;1;0;1;0;4;1;5;4;1;1;2;2;6; ;400; ; ;2
2023;7;15783;48;11;50116;5;2;4;1;20230802;1; ;2;     .;3;3;0;1;0;1;0;1;1;5;1;3;2;2;2;2; ;300;2; ;2
2023;7;15783;60;11;50116;5;2;4;1;20230728;2; ;2;     .;3;2;1;0;1;1;0;1;1;5;1;7;2;1;1;2; ;1000;1;1;2
2023;7;15783;71;11;50116;5;2;4;1;20230730;3; ; ;     .; ; ; ; ; ; ; ; ; ; ; ; ; ; ; ; ; ; ; ; ; 
2023;7;15783;83;11;50116;5;2;4;1;20230727;7; ; ;     .; ; ; ; ; ; ; ; ; ; ; ; ; ; ; ; ; ; ; ; ; 
2023;7;15783;84;11;50116;5;2;4;1;20230727;7; ; ;     .; ; ; ; ; ; ; ; ; ; ; ; ; ; ; ; ; ; ; ; ; 
2023;7;15783;94;11;50116;5;2;4;1;20230727;3; ; ;     .; ; ; ; ; ; ; ; ; ; ; ; ; ; ; ; ; ; ; ; ; 
2023;7;15783;105;11;50116;5;2;4;1;20230731;2; ;2;     .;1;1;1;0;1;1;0;1;1;1;1;3;2;3;3;1;99999; ; ; ;2
2023;7;15783;116;11;50116;5;2;4;1;20230727;5; ; ;     .; ; ; ; ; ; ; ; ; ; ; ; ; ; ; ; ; ; ; ; ; 
2023;7;15783;117;11;50116;5;2;4;1;20230801;4; ; ;     .; ; ; ; ; ; ; ; ; ; ; ; ; ; ; ; ; ; ; ; ; 
2023;7;15799;16;11;50101;5;2;2;1;20230725;1; ;2;     .;2;2;1;0;1;1;0;4;1;5;1;2;0;1;3;1;100; ; ; ;2
2023;7;15799;37;11;50101;5;2;2;1;20230711;7; ; ;     .; ; ; ; ; ; ; ; ; ; ; ; ; ; ; ; ; ; ; ; ; 
2023;7;15799;59;11;50101;5;2;2;1;20230715;1; ;2;     .;3;1;1;0;1;1;0;4;3;5;4;2;1;3;3;1;300; ; ; ;2
2023;7;15799;80;11;50101;5;2;2;1;20230719;1; ;2;     .;2;2;1;1;0;1;0;4;1;5;1;5;3;2;2;6; ;800; ; ;2
2023;7;15799;102;11;50101;5;2;2;1;20230716;1; ;2;     .;3;3;1;0;1;1;0;4;3;5;4;1;0;2;2;6; ;120; ; ;2
2023;7;15799;123;11;50101;5;2;2;1;20230715;2; ;2;     .;2;3;1;0;1;1;0;1;1;5;1;4;3;1;1;2; ;500;1;1;2
2023;7;15799;145;11;50101;5;2;2;1;20230719;1; ;2;     .;2;2;1;0;1;1;0;1;1;3;1;4;4;1;1;2; ;800;1;1;2
2023;7;15824;4;11;50104;5;2;3;3;20230723;1;1;2;     .;3;3;0;1;0;1;0;1;3;6;4;3;3;2;2;6; ;100; ; ;2
2023;7;15824;20;11;50104;5;2;3;3;20230721;1;1;2;     .;3;3;0;1;0;1;0;1;3;6;4;2;2;2;2;6; ;60; ; ;2
2023;7;15824;28;11;50104;5;2;3;3;20230801;7; ; ;     .; ; ; ; ; ; ; ; ; ; ; ; ; ; ; ; ; ; ; ; ; 
2023;7;15824;38;11;50104;5;2;3;3;20230720;7; ; ;     .; ; ; ; ; ; ; ; ; ; ; ; ; ; ; ; ; ; ; ; ; 
2023;7;15824;44;11;50104;5;2;3;3;20230722;1;1;2;     .;3;3;0;1;0;1;0;1;1;5;4;6;5;3;3;2; ;300;2; ;2
2023;7;15824;57;11;50104;5;2;3;3;20230721;1;1;2;     .;3;3;0;1;0;1;0;1;3;6;3;1;0;2;2;2; ;50;3; ;2
2023;7;15826;5;11;50201;5;5;1;1;20230719;1; ;2;     .;2;2;1;0;1;1;0;1;1;5;1;3;1;2;2;2; ;500;1;1;2
2023;7;15826;22;11;50201;5;5;1;1;20230723;2; ;1;50101;1;1;1;0;1;1;0;1;1;5;4;2;2;2;2;2; ;80;2; ;2
2023;7;15826;56;11;50201;5;5;1;1;20230706;1; ;1;51001;3;3;1;0;1;1;0;1;3;5;4;4;3;2;2;2; ;400;3; ;2
2023;7;15826;71;11;50201;5;5;1;1;20230706;1; ;2;     .;3;3;1;0;1;1;0;1;3;5;4;2;1;2;2;6; ;150; ; ;2
2023;7;15826;85;11;50201;5;5;1;1;20230707;1; ;2;     .;3;3;1;0;1;1;0;1;3;5;4;2;0;2;2;2; ;200;2; ;2
2023;7;15826;100;11;50201;5;5;1;1;20230709;1; ;2;     .;1;1;1;0;1;1;0;1;3;5;4;8;3;1;2;2; ;500;1;1;2
2023;7;15832;8;11;51101;5;5;3;1;20230721;1; ;1;50110;3;3;1;0;1;1;0;1;3;6;4;4;2;2;2;2; ;60;2; ;2
2023;7;15832;24;11;51101;5;5;3;1;20230720;7; ; ;     .; ; ; ; ; ; ; ; ; ; ; ; ; ; ; ; ; ; ; ; ; 
2023;7;15832;40;11;51101;5;5;3;1;20230721;4; ; ;     .; ; ; ; ; ; ; ; ; ; ; ; ; ; ; ; ; ; ; ; ; 
2023;7;15832;57;11;51101;5;5;3;1;20230721;3; ; ;     .; ; ; ; ; ; ; ; ; ; ; ; ; ; ; ; ; ; ; ; ; 
2023;7;15832;75;11;51101;5;5;3;1;20230720;1; ;2;     .;3;3;0;1;0;1;0;1;3;6;4;2;0;2;2;2; ;50;2; ;2
2023;7;15832;90;11;51101;5;5;3;1;20230720;7; ; ;     .; ; ; ; ; ; ; ; ; ; ; ; ; ; ; ; ; ; ; ; ; 
2023;7;15832;106;11;51101;5;5;3;1;20230720;2; ;2;     .;3;3;1;0;1;1;0;1;3;6;4;2;1;2;2;2; ;100;2; ;2
2023;7;15832;125;11;51101;5;5;3;1;20230721;5; ; ;     .; ; ; ; ; ; ; ; ; ; ; ; ; ; ; ; ; ; ; ; ; 
2023;7;15832;138;11;51101;5;5;3;1;20230721;1; ;1;150108;3;3;0;1;0;0;0;1;3;5;4;5;3;2;2;2; ;100;2; ;2
2023;7;15834;2;11;50301;5;5;2;3;20230715;1;1;2;     .;2;3;0;1;0;1;0;1;3;5;3;4;2;2;2;2; ;100;1;1;2
2023;7;15834;15;11;50301;5;5;2;3;20230715;1;1;2;     .;3;3;0;1;0;1;0;3;1;5;1;2;1;2;2;2; ;80;2; ;2
2023;7;15834;39;11;50301;5;5;2;3;20230715;1;1;2;     .;3;3;0;1;0;1;0;1;3;6;3;2;1;2;2;2; ;50;3; ;2
2023;7;15834;52;11;50301;5;5;2;3;20230716;1;1;2;     .;3;3;1;0;1;1;0;4;3;5;4;3;2;2;2;2; ;100;2; ;2
2023;7;15834;64;11;50301;5;5;2;3;20230714;1;1;2;     .;3;3;0;0;0;0;1;4;3;6;3;1;0;2;2;2; ;40;1;1;2
2023;7;15834;76;11;50301;5;5;2;3;20230713;1;1;2;     .;3;3;0;1;0;1;0;3;3;5;4;5;2;2;2;2; ;100;2; ;2
2023;7;15877;25;11;50107;5;8;1;5;20230705;7; ; ;     .; ; ; ; ; ; ; ; ; ; ; ; ; ; ; ; ; ; ; ; ; 
2023;7;15877;26;11;50107;5;8;1;5;20230705;7; ; ;     .; ; ; ; ; ; ; ; ; ; ; ; ; ; ; ; ; ; ; ; ; 
2023;7;15877;27;11;50107;5;8;1;5;20230706;1; ;2;     .;3;2;1;0;1;1;0;1;3;6;3;4;1;2;2;2; ;20;2; ;2
2023;7;15877;28;11;50107;5;8;1;5;20230705;1; ;2;     .;3;3;1;0;1;1;0;1;3;6;4;2;1;2;2;2; ;50;2; ;2
2023;7;15877;75;11;50107;5;8;1;5;20230708;1; ;2;     .;3;3;0;1;0;1;0;1;3;6;3;2;1;2;2;2; ;99999;2; ;2
2023;7;15877;76;11;50107;5;8;1;5;20230707;1; ;2;     .;3;3;0;1;0;1;0;1;3;6;3;5;2;2;2;2; ;50;2; ;2
2023;7;15877;86;11;50107;5;8;1;5;20230707;7; ; ;     .; ; ; ; ; ; ; ; ; ; ; ; ; ; ; ; ; ; ; ; ; 
2023;7;15877;88;11;50107;5;8;1;5;20230708;1; ;2;     .;3;3;0;1;0;1;0;1;3;6;3;3;1;2;2;2; ;50;1;1;2
2023;7;15877;89;11;50107;5;8;1;5;20230706;1; ;2;     .;3;3;0;1;0;1;0;1;3;6;4;2;1;2;2;2; ;20;1;1;2
2023;7;15877;90;11;50107;5;8;1;5;20230706;7; ; ;     .; ; ; ; ; ; ; ; ; ; ; ; ; ; ; ; ; ; ; ; ; 
2023;7;15877;91;11;50107;5;8;1;5;20230709;1; ;1;50115;3;3;0;1;0;1;0;1;3;6;3;3;1;2;2;6; ;70; ; ;2
2023;7;15877;92;11;50107;5;8;1;5;20230707;1; ;2;     .;3;3;0;1;0;1;0;1;3;6;3;3;1;2;2;2; ;12;1;2;2
2023;7;15882;101;11;50101;5;7;2;5;20230713;1; ;2;     .;3;3;0;1;0;1;0;1;3;6;3;2;1;2;2;6; ;100; ; ;2
2023;7;15882;102;11;50101;5;7;2;5;20230712;1; ;2;     .;3;3;1;0;0;1;0;1;3;6;4;2;0;2;2;2; ;100;2; ;2
2023;7;15882;103;11;50101;5;7;2;5;20230712;7; ; ;     .; ; ; ; ; ; ; ; ; ; ; ; ; ; ; ; ; ; ; ; ; 
2023;7;15882;104;11;50101;5;7;2;5;20230715;1; ;2;     .;2;3;1;0;0;0;0;1;1;6;1;5;4;2;2;2; ;125;2; ;2
2023;7;15882;223;11;50101;5;7;2;5;20230715;1; ;2;     .;3;3;0;1;0;0;0;1;3;6;3;4;2;2;2;2; ;80;2; ;2
2023;7;15882;224;11;50101;5;7;2;5;20230714;7; ; ;     .; ; ; ; ; ; ; ; ; ; ; ; ; ; ; ; ; ; ; ; ; 
2023;7;15882;225;11;50101;5;7;2;5;20230713;7; ; ;     .; ; ; ; ; ; ; ; ; ; ; ; ; ; ; ; ; ; ; ; ; 
2023;7;15882;226;11;50101;5;7;2;5;20230728;2; ;2;     .;3;3;0;1;0;0;0;1;3;6;4;2;1;2;2;2; ;80;2; ;2
2023;7;15882;227;11;50101;5;7;2;5;20230713;1; ;2;     .;3;1;0;1;0;1;0;1;1;5;4;3;2;2;2;2; ;300;2; ;2
2023;7;15882;228;11;50101;5;7;2;5;20230713;5; ; ;     .; ; ; ; ; ; ; ; ; ; ; ; ; ; ; ; ; ; ; ; ; 
2023;7;15882;229;11;50101;5;7;2;5;20230714;1; ;2;     .;3;3;0;0;0;0;1;1;6;6;3;2;1;2;2;2; ;50;2; ;2
2023;7;15882;230;11;50101;5;7;2;5;20230715;1; ;2;     .;3;3;0;1;0;0;0;1;3;6;4;3;1;2;2;2; ;50;2; ;2
2023;7;15889;57;11;50104;5;7;3;5;20230720;7; ; ;     .; ; ; ; ; ; ; ; ; ; ; ; ; ; ; ; ; ; ; ; ; 
2023;7;15889;58;11;50104;5;7;3;5;20230720;4; ; ;     .; ; ; ; ; ; ; ; ; ; ; ; ; ; ; ; ; ; ; ; ; 
2023;7;15889;59;11;50104;5;7;3;5;20230720;7; ; ;     .; ; ; ; ; ; ; ; ; ; ; ; ; ; ; ; ; ; ; ; ; 
2023;7;15889;60;11;50104;5;7;3;5;20230720;7; ; ;     .; ; ; ; ; ; ; ; ; ; ; ; ; ; ; ; ; ; ; ; ; 
2023;7;15889;123;11;50104;5;7;3;5;20230722;1; ;2;     .;3;3;0;1;0;1;0;1;3;6;3;4;2;2;2;2; ;30;1;1;2
2023;7;15889;124;11;50104;5;7;3;5;20230723;1; ;1;50104;3;3;0;1;0;1;0;1;3;6;3;4;2;2;2;2; ;50;1;1;2
2023;7;15889;125;11;50104;5;7;3;5;20230723;1; ;2;     .;3;3;0;1;0;1;0;1;4;6;3;5;4;2;2;2; ;100;1;1;2
2023;7;15889;126;11;50104;5;7;3;5;20230720;1; ;2;     .;3;3;0;1;0;0;0;1;3;6;4;2;1;2;2;6; ;50; ; ;2
2023;7;15889;127;11;50104;5;7;3;5;20230723;1; ;2;     .;3;3;0;1;0;1;0;1;3;6;3;3;2;2;2;2; ;50;1;1;2
2023;7;15889;128;11;50104;5;7;3;5;20230721;7; ; ;     .; ; ; ; ; ; ; ; ; ; ; ; ; ; ; ; ; ; ; ; ; 
2023;7;15889;129;11;50104;5;7;3;5;20230721;1; ;2;     .;3;3;0;1;0;1;0;1;3;5;3;4;1;2;2;2; ;90;1;1;2
2023;7;15889;130;11;50104;5;7;3;5;20230723;1; ;2;     .;3;3;0;1;0;1;0;1;3;6;4;3;1;2;2;2; ;50;1;2;2
2023;7;15894;5;11;50613;5;6;1;4;20230707;1; ;2;     .;3;1;1;0;0;1;0;1;3;6;4;2;2;2;2;2; ;80;2; ;2
2023;7;15894;10;11;50613;5;6;1;4;20230706;7; ; ;     .; ; ; ; ; ; ; ; ; ; ; ; ; ; ; ; ; ; ; ; ; 
2023;7;15894;15;11;50613;5;6;1;4;20230708;1; ;2;     .;3;3;0;0;0;1;0;4;3;6;4;1;0;2;2;6; ;80; ; ;2
2023;7;15894;21;11;50613;5;6;1;4;20230706;7; ; ;     .; ; ; ; ; ; ; ; ; ; ; ; ; ; ; ; ; ; ; ; ; 
2023;7;15894;26;11;50613;5;6;1;4;20230707;1; ;2;     .;4;1;0;1;0;1;0;1;7;5;4;3;2;2;2;2; ;150;2; ;2
2023;7;15894;31;11;50613;5;6;1;4;20230705;1; ;2;     .;3;3;0;0;1;1;0;1;1;6;4;3;2;2;2;2; ;100;1;1;2
2023;7;15894;36;11;50613;5;6;1;4;20230706;1; ;1;110111;3;1;1;0;1;1;0;1;3;5;4;1;0;2;2;6; ;120; ; ;2
2023;7;15894;42;11;50613;5;6;1;4;20230706;1; ;2;     .;3;1;1;0;1;1;0;4;3;5;4;2;1;2;2;1;150; ; ; ;2
2023;7;15894;47;11;50613;5;6;1;4;20230707;1; ;2;     .;1;3;1;0;1;1;0;1;4;5;4;3;2;2;2;2; ;200;2; ;2
2023;7;15894;53;11;50613;5;6;1;4;20230707;7; ; ;     .; ; ; ; ; ; ; ; ; ; ; ; ; ; ; ; ; ; ; ; ; 
2023;7;15894;57;11;50613;5;6;1;4;20230707;7; ; ;     .; ; ; ; ; ; ; ; ; ; ; ; ; ; ; ; ; ; ; ; ; 
2023;7;15894;64;11;50613;5;6;1;4;20230708;3; ; ;     .; ; ; ; ; ; ; ; ; ; ; ; ; ; ; ; ; ; ; ; ; 
2023;7;15918;2;11;50803;5;8;2;3;20230713;1;1;2;     .;3;3;0;0;0;0;1;1;3;6;4;3;1;2;2;2; ;50;2; ;2
2023;7;15918;4;11;50803;5;8;2;3;20230713;1;1;1;50803;3;3;0;0;0;0;1;1;3;6;4;2;1;2;2;6; ;50; ; ;2
2023;7;15918;5;11;50803;5;8;2;3;20230714;1;1;2;     .;3;3;0;0;0;0;1;1;3;6;4;2;1;2;2;2; ;50;2; ;2
2023;7;15918;14;11;50803;5;8;2;3;20230718;1;1;2;     .;3;3;0;0;0;0;1;1;3;6;4;2;1;2;2;6; ;80; ; ;2
2023;7;15918;18;11;50803;5;8;2;3;20230720;1;1;2;     .;3;3;1;0;0;1;0;1;3;6;4;3;2;2;2;2; ;99999;2; ;2
2023;7;15918;19;11;50803;5;8;2;3;20230714;1;1;2;     .;1;1;0;1;0;1;0;1;3;5;4;2;1;2;2;2; ;100;2; ;2
2023;7;15918;21;11;50803;5;8;2;3;20230713;1;1;2;     .;3;3;1;0;0;1;0;1;3;6;4;2;1;2;2;6; ;50; ; ;2
2023;7;15918;25;11;50803;5;8;2;3;20230712;1;1;2;     .;3;1;1;0;0;1;0;1;3;6;4;5;1;2;2;2; ;100;1;2;2
2023;7;15935;21;11;50206;5;7;4;5;20230728;1; ;1;110101;3;3;0;1;0;0;0;1;3;6;4;4;3;2;2;2; ;200;1;1;2
2023;7;15935;22;11;50206;5;7;4;5;20230727;1; ;2;     .;3;3;0;1;0;0;0;1;3;5;4;2;0;2;2;2; ;100;1;1;2
2023;7;15935;23;11;50206;5;7;4;5;20230727;1; ;2;     .;3;3;0;1;0;0;0;1;3;6;3;4;2;2;2;2; ;200;2; ;2
2023;7;15935;24;11;50206;5;7;4;5;20230726;1; ;2;     .;3;3;0;0;0;0;1;1;3;6;3;2;0;2;2;2; ;100;2; ;2
2023;7;15935;121;11;50206;5;7;4;5;20230728;7; ; ;     .; ; ; ; ; ; ; ; ; ; ; ; ; ; ; ; ; ; ; ; ; 
2023;7;15935;122;11;50206;5;7;4;5;20230728;5; ; ;     .; ; ; ; ; ; ; ; ; ; ; ; ; ; ; ; ; ; ; ; ; 
2023;7;15935;123;11;50206;5;7;4;5;20230729;1; ;2;     .;3;3;0;0;0;0;1;1;3;6;7;4;1;2;2;2; ;200;2; ;2
2023;7;15935;124;11;50206;5;7;4;5;20230729;7; ; ;     .; ; ; ; ; ; ; ; ; ; ; ; ; ; ; ; ; ; ; ; ; 
2023;7;15935;125;11;50206;5;7;4;5;20230730;7; ; ;     .; ; ; ; ; ; ; ; ; ; ; ; ; ; ; ; ; ; ; ; ; 
2023;7;15935;126;11;50206;5;7;4;5;20230729;7; ; ;     .; ; ; ; ; ; ; ; ; ; ; ; ; ; ; ; ; ; ; ; ; 
2023;7;15935;127;11;50206;5;7;4;5;20230730;1; ;2;     .;3;3;0;1;0;1;0;1;3;6;4;4;2;2;2;2; ;100;2; ;2
2023;7;15935;128;11;50206;5;7;4;5;20230730;1; ;2;     .;3;1;0;1;0;1;0;1;3;5;4;3;1;2;2;6; ;150; ; ;2
2023;7;15935;129;11;50206;5;7;4;5;20230730;1; ;2;     .;3;3;0;1;0;1;0;1;3;6;4;3;1;2;2;2; ;150;1;1;2
2023;7;15959;1;11;60101;4;2;3;1;20230721;1; ;2;     .;1;2;0;1;0;1;0;1;4;5;4;4;2;2;2;2; ;100;1;1;2
2023;7;15959;14;11;60101;4;2;3;1;20230720;7; ; ;     .; ; ; ; ; ; ; ; ; ; ; ; ; ; ; ; ; ; ; ; ; 
2023;7;15959;15;11;60101;4;2;3;1;20230730;2; ;2;     .;1;3;0;1;0;1;0;1;1;5;1;5;4;2;2;2; ;100;1;1;2
2023;7;15959;27;13;60101;4;2;3;1;20230724;1; ;2;     .;3;3;0;0;0;1;0;4;1;5;1;4;3;2;2;6; ;50; ; ;2
2023;7;15959;27;23;60101;4;2;3;1;20230722;1; ;2;     .;3;3;0;0;0;1;0; ; ; ; ; ; ; ; ;6; ;150; ; ;2
2023;7;15959;27;33;60101;4;2;3;1;20230722;1; ;2;     .;3;3;0;0;0;1;0; ; ; ; ; ; ; ; ;6; ;50; ; ;2
2023;7;15959;37;11;60101;4;2;3;1;20230724;1; ;2;     .;3;3;0;1;0;1;0;1;3;4;4;3;2;2;2;6; ;150; ; ;2
2023;7;15959;50;11;60101;4;2;3;1;20230723;7; ; ;     .; ; ; ; ; ; ; ; ; ; ; ; ; ; ; ; ; ; ; ; ; 
2023;7;15959;63;11;60101;4;2;3;1;20230720;7; ; ;     .; ; ; ; ; ; ; ; ; ; ; ; ; ; ; ; ; ; ; ; ; 
2023;7;15959;76;11;60101;4;2;3;1;20230720;7; ; ;     .; ; ; ; ; ; ; ; ; ; ; ; ; ; ; ; ; ; ; ; ; 
2023;7;15959;88;11;60101;4;2;3;1;20230730;1; ;2;     .;3;2;0;1;0;1;0;1;4;6;4;2;1;2;2;6; ;100; ; ;2
2023;7;15959;98;11;60101;4;2;3;1;20230722;1; ;2;     .;2;2;0;1;0;1;0;4;3;5;2;1;0;2;2;1;100; ; ; ;2
2023;7;15981;7;11;60101;4;2;1;1;20230708;4; ; ;     .; ; ; ; ; ; ; ; ; ; ; ; ; ; ; ; ; ; ; ; ; 
2023;7;15981;26;11;60101;4;2;1;1;20230710;1; ;2;     .;3;2;1;0;1;1;0;1;1;5;1;2;1;3;1;6; ;400; ; ;2
2023;7;15981;63;11;60101;4;2;1;1;20230707;2; ;2;     .;1;1;1;0;1;1;0;1;1;3;1;4;3;1;1;2; ;800;2; ;2
2023;7;15981;81;11;60101;4;2;1;1;20230714;2; ;2;     .;1;1;1;0;1;1;0;1;1;3;1;2;2;1;1;6; ;500; ; ;2
2023;7;15981;99;11;60101;4;2;1;1;20230708;4; ; ;     .; ; ; ; ; ; ; ; ; ; ; ; ; ; ; ; ; ; ; ; ; 
2023;7;15981;118;11;60101;4;2;1;1;20230706;1; ;2;     .;1;1;1;0;1;1;0;1;1;3;1;3;2;1;1;6; ;300; ; ;2
2023;7;15981;154;11;60101;4;2;1;1;20230711;4; ; ;     .; ; ; ; ; ; ; ; ; ; ; ; ; ; ; ; ; ; ; ; ; 
2023;7;15981;172;11;60101;4;2;1;1;20230707;2; ;2;     .;1;1;1;0;1;1;0;1;1;4;1;3;2;1;1;2; ;99999;1;1;2
2023;7;15990;1;11;60401;4;4;4;1;20230728;1; ;2;     .;1;2;1;0;1;1;0;4;1;5;4;2;1;3;3;1;120; ; ; ;2
2023;7;15990;13;11;60401;4;4;4;1;20230727;1; ;2;     .;1;2;1;0;1;1;0;4;1;5;1;1;0;3;3;1;120; ; ; ;2
2023;7;15990;36;11;60401;4;4;4;1;20230727;1; ;2;     .;1;3;1;0;1;1;0;4;1;5;6;1;0;3;3;1;70; ; ; ;2
2023;7;15990;49;11;60401;4;4;4;1;20230725;1; ;2;     .;1;1;1;0;1;1;0;1;1;2;4;4;3;2;2;2; ;1500;2; ;2
2023;7;15990;59;11;60401;4;4;4;1;20230727;2; ;2;     .;1;3;1;0;1;1;0;1;1;4;4;2;2;2;2;1;150; ; ; ;2
2023;7;15990;72;11;60401;4;4;4;1;20230728;1; ;2;     .;1;3;1;0;1;1;0;1;1;5;1;2;2;1;1;2; ;400;2; ;2
2023;7;16008;20;11;60701;4;5;2;3;20230714;3; ; ;     .; ; ; ; ; ; ; ; ; ; ; ; ; ; ; ; ; ; ; ; ; 
2023;7;16008;33;11;60701;4;5;2;3;20230712;1;1;2;     .;1;1;1;0;1;1;0;1;3;5;4;3;2;2;2;2; ;300;2; ;2
2023;7;16008;45;11;60701;4;5;2;3;20230713;1;1;2;     .;1;1;1;0;1;1;0;1;3;5;4;4;2;2;2;6; ;300; ; ;2
2023;7;16008;70;11;60701;4;5;2;3;20230713;1;1;2;     .;2;1;1;0;1;1;0;1;3;5;4;3;2;2;2;2; ;200;1;1;2
2023;7;16008;95;11;60701;4;5;2;3;20230714;2;1;1;60101;1;1;1;0;1;1;0;1;1;3;1;5;3;2;2;1;700; ; ; ;2
2023;7;16008;108;11;60701;4;5;2;3;20230712;1;1;2;     .;1;1;1;0;1;1;0;1;1;5;1;10;5;2;2;6; ;1500; ; ;2
2023;7;16014;8;11;61101;4;5;3;1;20230719;4; ; ;     .; ; ; ; ; ; ; ; ; ; ; ; ; ; ; ; ; ; ; ; ; 
2023;7;16014;27;11;61101;4;5;3;1;20230719;1; ;2;     .;2;1;1;0;1;1;0;1;3;5;8;1;1;2;2;6; ;80; ; ;2
2023;7;16014;64;11;61101;4;5;3;1;20230719;1; ;1;61101;3;3;1;0;1;1;0;1;1;6;4;2;0;3;3;1;100; ; ; ;2
2023;7;16014;83;11;61101;4;5;3;1;20230719;2; ;2;     .;3;3;1;0;1;0;0;1;1;3;4;6;4;1;1;2; ;100;2; ;2
2023;7;16014;101;11;61101;4;5;3;1;20230719;1; ;2;     .;2;2;1;0;1;1;0;1;3;5;2;3;0;2;2;1;100; ; ; ;2
2023;7;16014;120;11;61101;4;5;3;1;20230720;4; ; ;     .; ; ; ; ; ; ; ; ; ; ; ; ; ; ; ; ; ; ; ; ; 
2023;7;16037;9;11;60109;1;7;1;5;20230707;1; ;2;     .;3;3;0;0;0;0;1;1;1;6;4;5;2;2;2;2; ;100;2; ;2
2023;7;16037;10;11;60109;1;7;1;5;20230710;1; ;2;     .;2;1;1;0;0;0;0;1;3;4;4;2;1;2;2;2; ;100;2; ;2
2023;7;16037;11;11;60109;1;7;1;5;20230710;1; ;2;     .;3;3;0;1;0;0;0;1;3;4;4;4;2;2;2;2; ;400;2; ;2
2023;7;16037;12;11;60109;1;7;1;5;20230707;1; ;2;     .;3;3;0;1;0;0;0;1;3;4;4;3;2;2;2;2; ;150;3; ;2
2023;7;16037;92;11;60109;1;7;1;5;20230708;1; ;2;     .;3;1;1;0;0;1;0;1;3;6;4;1;1;2;2;2; ;100;2; ;2
2023;7;16037;93;11;60109;1;7;1;5;20230705;5; ; ;     .; ; ; ; ; ; ; ; ; ; ; ; ; ; ; ; ; ; ; ; ; 
2023;7;16037;94;11;60109;1;7;1;5;20230708;1; ;2;     .;3;1;1;0;0;1;0;1;4;5;4;2;1;2;2;2; ;150;2; ;2
2023;7;16037;95;11;60109;1;7;1;5;20230707;1; ;2;     .;2;1;1;0;0;1;0;1;4;5;4;3;2;2;2;2; ;100;2; ;2
2023;7;16037;96;11;60109;1;7;1;5;20230705;1; ;2;     .;3;2;1;0;0;1;0;1;3;5;8;1;1;2;2;6; ;50; ; ;2
2023;7;16052;5;11;60310;4;6;4;4;20230728;1; ;2;     .;3;3;0;1;0;0;0;1;4;6;3;2;0;2;2;2; ;30;2; ;2
2023;7;16052;17;11;60310;4;6;4;4;20230727;1; ;2;     .;3;3;0;0;0;1;0;1;3;6;3;2;0;2;2;2; ;60;2; ;2
2023;7;16052;32;11;60310;4;6;4;4;20230728;1; ;2;     .;3;3;0;0;0;1;0;1;3;6;3;2;1;2;2;6; ;60; ; ;2
2023;7;16052;44;11;60310;4;6;4;4;20230727;1; ;2;     .;3;3;1;0;0;1;0;1;3;6;4;5;1;2;2;6; ;50; ; ;2
2023;7;16052;58;11;60310;4;6;4;4;20230726;3; ; ;     .; ; ; ; ; ; ; ; ; ; ; ; ; ; ; ; ; ; ; ; ; 
2023;7;16052;70;11;60310;4;6;4;4;20230729;1; ;2;     .;3;1;1;0;1;1;0;4;3;5;3;2;1;2;2;1;30; ; ; ;2
2023;7;16052;83;11;60310;4;6;4;4;20230727;7; ; ;     .; ; ; ; ; ; ; ; ; ; ; ; ; ; ; ; ; ; ; ; ; 
2023;7;16052;106;11;60310;4;6;4;4;20230727;1; ;2;     .;1;1;0;1;0;1;0;1;3;6;3;6;5;2;2;2; ;100;2; ;2
2023;7;16052;118;11;60310;4;6;4;4;20230729;1; ;1;60301;1;1;1;0;0;1;0;4;3;6;3;1;0;2;2;1;50; ; ; ;2
2023;7;16055;45;11;60401;4;7;4;5;20230727;5; ; ;     .; ; ; ; ; ; ; ; ; ; ; ; ; ; ; ; ; ; ; ; ; 
2023;7;16055;46;11;60401;4;7;4;5;20230730;1; ;1;60401;3;3;0;0;0;1;0;1;6;6;3;2;1;2;2;2; ;50;2; ;2
2023;7;16055;47;11;60401;4;7;4;5;20230726;1; ;1;60401;3;3;0;0;0;0;1;1;4;6;4;1;0;2;2;2; ;20;2; ;2
2023;7;16055;48;11;60401;4;7;4;5;20230727;1; ;2;     .;3;3;0;0;0;1;0;1;4;6;4;2;1;2;2;2; ;50;2; ;2
2023;7;16055;144;11;60401;4;7;4;5;20230727;1; ;2;     .;3;3;0;0;0;1;0;1;1;6;4;1;0;2;2;2; ;50;2; ;2
2023;7;16055;145;11;60401;4;7;4;5;20230726;1; ;2;     .;3;3;0;0;0;1;0;1;1;6;4;2;1;2;2;2; ;100;2; ;2
2023;7;16055;146;11;60401;4;7;4;5;20230730;1; ;2;     .;3;3;0;1;0;1;0;1;1;5;4;2;1;2;2;2; ;100;2; ;2
2023;7;16055;147;11;60401;4;7;4;5;20230726;1; ;2;     .;3;3;0;0;0;1;0;1;4;6;4;2;1;2;2;2; ;20;2; ;2
2023;7;16055;148;11;60401;4;7;4;5;20230728;1; ;2;     .;3;3;0;0;0;1;0;1;3;6;4;1;0;2;2;6; ;80; ; ;2
2023;7;16082;61;11;60409;4;8;1;5;20230707;7; ; ;     .; ; ; ; ; ; ; ; ; ; ; ; ; ; ; ; ; ; ; ; ; 
2023;7;16082;62;11;60409;4;8;1;5;20230707;1; ;2;     .;1;1;0;1;0;1;0;1;3;5;4;2;1;2;2;2; ;20;2; ;2
2023;7;16082;63;11;60409;4;8;1;5;20230707;7; ; ;     .; ; ; ; ; ; ; ; ; ; ; ; ; ; ; ; ; ; ; ; ; 
2023;7;16082;64;11;60409;4;8;1;5;20230706;1; ;2;     .;3;3;0;0;0;1;0;1;3;6;4;3;1;2;2;6; ;20; ; ;2
2023;7;16082;142;11;60409;4;8;1;5;20230708;1; ;2;     .;3;3;0;0;0;1;0;1;3;6;4;2;1;2;2;2; ;30;2; ;2
2023;7;16082;143;11;60409;4;8;1;5;20230707;1; ;2;     .;3;3;0;0;0;1;0;1;3;6;4;1;0;2;2;2; ;10;2; ;2
2023;7;16082;144;11;60409;4;8;1;5;20230707;7; ; ;     .; ; ; ; ; ; ; ; ; ; ; ; ; ; ; ; ; ; ; ; ; 
2023;7;16082;145;11;60409;4;8;1;5;20230708;1; ;2;     .;3;3;0;0;0;1;0;1;3;6;4;2;1;2;2;2; ;30;2; ;2
2023;7;16082;146;11;60409;4;8;1;5;20230707;1; ;2;     .;3;3;0;0;0;1;0;1;3;6;3;3;1;2;2;2; ;40;2; ;2
2023;7;16082;147;11;60409;4;8;1;5;20230708;1; ;2;     .;3;3;0;0;0;1;0;1;3;6;3;1;0;2;2;2; ;20;2; ;2
2023;7;16082;148;11;60409;4;8;1;5;20230707;1; ;2;     .;3;3;0;0;0;1;0;1;3;6;4;2;1;2;2;2; ;20;2; ;2
2023;7;16103;1;11;60203;4;7;2;5;20230713;1; ;2;     .;1;1;1;0;0;1;0;1;1;5;1;6;2;2;2;2; ;500;2; ;2
2023;7;16103;2;11;60203;4;7;2;5;20230715;1; ;2;     .;3;3;1;0;0;1;0;1;3;6;3;1;0;2;2;6; ;50; ; ;2
2023;7;16103;3;11;60203;4;7;2;5;20230713;1; ;2;     .;3;3;1;0;0;1;0;1;1;6;4;3;2;2;2;2; ;50;2; ;2
2023;7;16103;4;11;60203;4;7;2;5;20230713;5; ; ;     .; ; ; ; ; ; ; ; ; ; ; ; ; ; ; ; ; ; ; ; ; 
2023;7;16103;100;11;60203;4;7;2;5;20230715;1; ;1;60201;3;3;0;0;0;0;1;1;4;6;3;1;0;2;2;2; ;30;2; ;2
2023;7;16103;101;11;60203;4;7;2;5;20230714;5; ; ;     .; ; ; ; ; ; ; ; ; ; ; ; ; ; ; ; ; ; ; ; ; 
2023;7;16103;102;11;60203;4;7;2;5;20230714;7; ; ;     .; ; ; ; ; ; ; ; ; ; ; ; ; ; ; ; ; ; ; ; ; 
2023;7;16103;103;11;60203;4;7;2;5;20230714;7; ; ;     .; ; ; ; ; ; ; ; ; ; ; ; ; ; ; ; ; ; ; ; ; 
2023;7;16103;104;11;60203;4;7;2;5;20230714;1; ;2;     .;3;3;0;0;0;0;1;1;3;6;3;2;1;2;2;2; ;60;2; ;2
2023;7;16103;105;11;60203;4;7;2;5;20230715;1; ;2;     .;3;3;0;0;0;0;1;1;4;6;3;2;1;2;2;2; ;50;2; ;2
2023;7;16103;106;11;60203;4;7;2;5;20230713;7; ; ;     .; ; ; ; ; ; ; ; ; ; ; ; ; ; ; ; ; ; ; ; ; 
2023;7;16103;107;11;60203;4;7;2;5;20230714;1; ;2;     .;3;3;0;0;0;0;1;1;3;6;4;1;0;2;2;2; ;50;2; ;2
2023;7;16103;108;11;60203;4;7;2;5;20230714;1; ;2;     .;3;3;0;0;0;0;1;1;3;6;3;4;3;2;2;2; ;150;2; ;2
2023;7;16124;1;11;60203;4;7;3;5;20230720;1; ;2;     .;3;3;0;1;0;0;0;1;3;6;3;3;1;2;2;2; ;50;2; ;2
2023;7;16124;2;11;60203;4;7;3;5;20230723;1; ;2;     .;3;3;0;1;0;0;0;1;3;6;3;2;2;2;2;2; ;100;2; ;2
2023;7;16124;3;11;60203;4;7;3;5;20230721;1; ;1;60203;3;3;0;0;0;0;1;1;3;6;3;2;2;2;2;2; ;50;2; ;2
2023;7;16124;4;11;60203;4;7;3;5;20230723;1; ;2;     .;3;3;0;0;0;0;1;1;3;5;3;1;0;2;2;2; ;150;2; ;2
2023;7;16124;89;11;60203;4;7;3;5;20230721;1; ;2;     .;3;3;0;1;0;0;0;1;3;6;3;3;2;2;2;2; ;30;2; ;2
2023;7;16124;90;11;60203;4;7;3;5;20230721;1; ;2;     .;3;3;0;1;0;0;0;1;3;6;3;1;0;2;2;2; ;100;2; ;2
2023;7;16124;91;11;60203;4;7;3;5;20230721;1; ;2;     .;3;2;0;1;0;1;0;1;3;6;3;2;1;2;2;2; ;30;2; ;2
2023;7;16124;92;11;60203;4;7;3;5;20230722;1; ;2;     .;3;3;0;0;0;0;1;1;3;6;3;1;0;2;2;2; ;100;2; ;2
2023;7;16132;29;11;60411;4;8;2;5;20230715;1; ;2;     .;3;3;1;0;0;1;0;1;3;6;4;4;2;2;2;2; ;100;2; ;2
2023;7;16132;30;11;60411;4;8;2;5;20230712;1; ;1;60411;3;3;1;0;0;1;0;1;3;5;3;3;1;2;2;2; ;100;2; ;2
2023;7;16132;31;11;60411;4;8;2;5;20230713;1; ;2;     .;3;3;1;0;0;0;0;1;3;6;3;3;1;2;2;2; ;40;2; ;2
2023;7;16132;32;11;60411;4;8;2;5;20230714;1; ;1;60411;3;3;1;0;0;0;0;1;3;6;4;3;2;2;2;2; ;100;2; ;2
2023;7;16132;67;11;60411;4;8;2;5;20230714;1; ;2;     .;3;3;0;1;0;0;0;1;3;6;3;2;1;2;2;2; ;20;2; ;2
2023;7;16132;68;11;60411;4;8;2;5;20230714;1; ;2;     .;3;3;0;0;0;0;1;1;3;6;3;2;1;2;2;2; ;50;2; ;2
